event_id,customer_id,event_type,event_timestamp,event_value
1,253,report_export,2025-10-13 07:08:53.862979,19
2,440,api_call,2025-11-02 07:08:53.862997,9
3,131,login,2025-12-12 06:08:53.863001,18
4,64,report_export,2025-12-14 11:08:53.863003,9
5,29,api_call,2026-01-21 06:08:53.863005,4
6,57,feature_use,2025-10-14 17:08:53.863007,19
7,282,report_export,2026-02-19 23:08:53.863009,15
8,469,feature_use,2026-01-30 19:08:53.863011,9
9,462,feature_use,2025-09-07 11:08:53.863013,12
10,475,dashboard_view,2025-09-07 17:08:53.863015,2
11,342,dashboard_view,2025-11-19 06:08:53.863017,19
12,311,api_call,2025-12-22 12:08:53.863019,4
13,237,login,2026-02-26 04:08:53.863021,20
14,121,dashboard_view,2026-01-25 00:08:53.863023,20
15,484,dashboard_view,2026-01-11 05:08:53.863024,8
16,481,login,2026-02-03 06:08:53.863026,15
17,410,dashboard_view,2025-09-11 10:08:53.863028,5
18,439,dashboard_view,2025-09-28 10:08:53.863030,16
19,50,dashboard_view,2025-09-19 07:08:53.863032,4
20,184,login,2025-10-07 21:08:53.863033,20
21,240,login,2025-11-09 23:08:53.863035,9
22,332,login,2025-12-16 03:08:53.863037,20
23,316,report_export,2025-12-07 23:08:53.863038,20
24,176,report_export,2025-11-06 10:08:53.863040,16
25,209,report_export,2026-02-24 20:08:53.863042,19
26,215,api_call,2025-12-01 10:08:53.863044,16
27,147,feature_use,2025-12-29 12:08:53.863046,13
28,205,dashboard_view,2025-11-15 23:08:53.863047,4
29,151,dashboard_view,2026-01-28 22:08:53.863049,9
30,15,dashboard_view,2025-11-22 22:08:53.863051,11
31,78,api_call,2025-12-03 12:08:53.863053,20
32,50,report_export,2025-11-28 09:08:53.863054,10
33,194,report_export,2025-10-23 17:08:53.863056,18
34,59,feature_use,2026-02-23 14:08:53.863058,1
35,315,dashboard_view,2026-01-13 10:08:53.863061,3
36,142,report_export,2025-09-20 10:08:53.863063,20
37,175,api_call,2026-02-05 11:08:53.863064,7
38,171,report_export,2025-12-30 12:08:53.863066,20
39,70,report_export,2026-03-06 04:08:53.863068,1
40,273,report_export,2025-09-24 22:08:53.863070,11
41,475,api_call,2025-09-25 10:08:53.863072,18
42,454,api_call,2026-01-09 02:08:53.863074,13
43,271,api_call,2026-02-04 17:08:53.863075,7
44,287,dashboard_view,2025-10-06 17:08:53.863077,6
45,267,report_export,2025-12-28 09:08:53.863079,8
46,197,login,2025-10-08 13:08:53.863080,16
47,431,dashboard_view,2025-09-10 20:08:53.863082,6
48,389,login,2025-10-15 02:08:53.863084,15
49,149,api_call,2026-03-04 17:08:53.863085,12
50,107,report_export,2025-10-11 05:08:53.863087,19
51,191,api_call,2025-11-25 07:08:53.863088,14
52,367,report_export,2025-10-24 20:08:53.863090,13
53,8,feature_use,2026-01-01 12:08:53.863092,7
54,453,feature_use,2026-01-31 02:08:53.863094,2
55,148,login,2025-10-02 19:08:53.863095,19
56,290,report_export,2026-01-17 05:08:53.863097,12
57,154,api_call,2026-01-05 05:08:53.863099,10
58,313,report_export,2026-02-21 05:08:53.863100,1
59,92,dashboard_view,2025-10-29 00:08:53.863102,7
60,253,feature_use,2025-11-16 20:08:53.863104,11
61,322,dashboard_view,2026-01-11 03:08:53.863106,12
62,324,login,2025-12-29 05:08:53.863107,12
63,248,feature_use,2025-10-14 00:08:53.863109,11
64,58,login,2025-09-09 17:08:53.863110,16
65,97,report_export,2026-02-17 15:08:53.863112,4
66,473,dashboard_view,2025-09-14 12:08:53.863114,13
67,31,dashboard_view,2025-10-07 07:08:53.863116,5
68,199,api_call,2025-11-16 03:08:53.863117,13
69,260,api_call,2026-02-09 06:08:53.863119,13
70,332,feature_use,2025-11-19 03:08:53.863121,10
71,112,feature_use,2026-01-02 21:08:53.863122,12
72,225,login,2025-12-24 17:08:53.863124,13
73,260,feature_use,2026-02-22 23:08:53.863126,3
74,347,dashboard_view,2025-10-01 00:08:53.863127,14
75,363,login,2025-09-21 19:08:53.863129,7
76,262,report_export,2025-10-14 11:08:53.863131,1
77,148,report_export,2025-09-24 00:08:53.863132,15
78,196,login,2026-03-05 08:08:53.863134,8
79,478,login,2025-12-29 03:08:53.863136,19
80,46,feature_use,2026-01-01 08:08:53.863138,5
81,418,login,2025-10-27 20:08:53.863139,16
82,159,login,2026-01-25 03:08:53.863141,17
83,208,report_export,2025-10-19 00:08:53.863143,2
84,205,feature_use,2025-11-19 18:08:53.863144,4
85,397,dashboard_view,2025-11-29 03:08:53.863146,20
86,91,api_call,2025-09-30 05:08:53.863148,8
87,145,report_export,2025-12-22 02:08:53.863150,15
88,138,dashboard_view,2025-11-27 00:08:53.863152,11
89,442,dashboard_view,2026-01-13 11:08:53.863153,2
90,177,login,2025-11-01 11:08:53.863155,4
91,76,dashboard_view,2025-10-03 09:08:53.863157,4
92,491,api_call,2026-03-03 15:08:53.863159,14
93,40,dashboard_view,2025-09-19 20:08:53.863161,6
94,244,login,2025-11-01 15:08:53.863163,18
95,455,feature_use,2025-11-06 04:08:53.863165,10
96,8,api_call,2025-12-13 22:08:53.863167,13
97,136,login,2025-11-08 06:08:53.863168,15
98,88,report_export,2026-02-17 22:08:53.863170,14
99,423,login,2025-10-27 03:08:53.863172,11
100,229,feature_use,2026-02-16 06:08:53.863173,16
101,182,dashboard_view,2026-02-18 21:08:53.863175,19
102,265,login,2026-02-24 19:08:53.863177,5
103,293,feature_use,2025-12-07 01:08:53.863178,4
104,459,report_export,2025-12-15 07:08:53.863180,13
105,446,report_export,2025-11-18 16:08:53.863182,14
106,207,api_call,2025-12-04 16:08:53.863183,13
107,410,report_export,2025-11-28 03:08:53.863185,20
108,442,report_export,2026-02-15 07:08:53.863187,4
109,56,dashboard_view,2025-11-18 17:08:53.863188,9
110,282,login,2026-03-05 01:08:53.863190,10
111,149,login,2025-10-12 01:08:53.863192,17
112,318,report_export,2025-10-21 00:08:53.863194,6
113,245,login,2025-12-14 12:08:53.863195,14
114,232,api_call,2025-09-14 08:08:53.863197,5
115,100,report_export,2026-02-04 04:08:53.863199,20
116,314,report_export,2026-02-03 18:08:53.863201,6
117,441,feature_use,2025-10-14 20:08:53.863202,8
118,62,login,2025-11-08 22:08:53.863204,13
119,134,api_call,2026-01-21 19:08:53.863207,3
120,288,api_call,2026-02-26 08:08:53.863209,14
121,186,login,2026-02-04 06:08:53.863211,2
122,28,login,2025-09-13 04:08:53.863213,18
123,272,report_export,2025-12-26 13:08:53.863214,14
124,408,feature_use,2025-11-26 06:08:53.863216,3
125,19,api_call,2026-02-25 04:08:53.863218,6
126,408,report_export,2025-12-01 11:08:53.863219,2
127,286,feature_use,2026-02-01 22:08:53.863221,8
128,299,feature_use,2025-09-15 03:08:53.863223,11
129,40,login,2025-09-22 07:08:53.863224,20
130,306,feature_use,2026-02-15 05:08:53.863226,1
131,295,api_call,2025-12-15 01:08:53.863228,20
132,49,dashboard_view,2025-09-20 16:08:53.863230,4
133,479,dashboard_view,2025-11-01 14:08:53.863232,9
134,82,feature_use,2025-09-14 01:08:53.863233,11
135,476,report_export,2026-02-27 16:08:53.863235,3
136,128,login,2025-09-13 05:08:53.863237,14
137,471,api_call,2026-01-24 08:08:53.863238,5
138,34,feature_use,2025-11-28 11:08:53.863240,17
139,493,report_export,2025-12-09 12:08:53.863242,20
140,311,login,2025-12-22 11:08:53.863244,14
141,449,login,2026-02-05 06:08:53.863245,7
142,310,login,2025-12-24 03:08:53.863247,12
143,323,login,2026-01-22 08:08:53.863249,15
144,244,report_export,2025-11-25 13:08:53.863251,6
145,399,login,2026-01-12 16:08:53.863252,11
146,32,feature_use,2025-11-29 04:08:53.863254,10
147,11,dashboard_view,2025-10-03 22:08:53.863256,16
148,6,login,2025-09-11 05:08:53.863257,20
149,120,feature_use,2025-12-16 15:08:53.863259,1
150,10,login,2026-01-30 09:08:53.863261,6
151,413,report_export,2026-02-28 02:08:53.863263,2
152,111,feature_use,2026-02-06 17:08:53.863265,7
153,149,report_export,2025-12-12 17:08:53.863266,18
154,318,report_export,2025-11-24 21:08:53.863268,4
155,369,dashboard_view,2025-10-14 03:08:53.863270,19
156,201,login,2025-11-22 00:08:53.863272,5
157,321,report_export,2026-01-24 02:08:53.863273,10
158,489,dashboard_view,2026-02-09 08:08:53.863275,6
159,39,dashboard_view,2025-09-29 11:08:53.863277,20
160,188,dashboard_view,2025-09-08 16:08:53.863278,19
161,82,dashboard_view,2025-11-30 00:08:53.863280,17
162,143,login,2026-01-15 14:08:53.863282,3
163,401,api_call,2025-12-27 00:08:53.863283,1
164,160,login,2026-03-02 01:08:53.863285,8
165,163,login,2026-01-07 18:08:53.863287,8
166,367,feature_use,2025-12-26 23:08:53.863289,19
167,75,report_export,2026-02-14 11:08:53.863291,17
168,53,dashboard_view,2025-09-16 15:08:53.863292,17
169,296,report_export,2025-11-09 08:08:53.863294,6
170,287,login,2026-01-10 06:08:53.863296,10
171,443,login,2026-02-05 08:08:53.863297,4
172,405,api_call,2025-09-26 20:08:53.863299,10
173,256,dashboard_view,2025-09-30 11:08:53.863301,11
174,44,report_export,2026-01-15 10:08:53.863302,20
175,26,feature_use,2025-11-24 16:08:53.863304,2
176,146,api_call,2025-09-15 23:08:53.863306,6
177,370,login,2025-10-28 03:08:53.863308,15
178,37,report_export,2025-10-26 15:08:53.863309,13
179,99,feature_use,2026-02-07 20:08:53.863312,18
180,280,login,2026-01-15 18:08:53.863313,6
181,214,feature_use,2026-03-01 18:08:53.863315,15
182,123,dashboard_view,2026-01-08 11:08:53.863317,17
183,230,feature_use,2025-12-13 05:08:53.863318,7
184,422,login,2025-11-28 17:08:53.863320,8
185,272,dashboard_view,2025-12-11 11:08:53.863322,4
186,20,login,2025-09-10 05:08:53.863323,19
187,441,feature_use,2025-11-15 14:08:53.863325,18
188,187,dashboard_view,2025-11-06 02:08:53.863327,3
189,4,login,2025-11-23 12:08:53.863329,8
190,443,feature_use,2026-02-11 09:08:53.863330,8
191,269,feature_use,2026-02-22 16:08:53.863332,17
192,463,report_export,2025-09-10 18:08:53.863334,9
193,296,api_call,2025-09-13 10:08:53.863336,3
194,500,dashboard_view,2026-01-25 00:08:53.863337,3
195,156,api_call,2025-09-20 21:08:53.863339,18
196,478,feature_use,2025-10-06 17:08:53.863341,20
197,149,feature_use,2026-02-10 13:08:53.863342,4
198,273,login,2025-09-17 13:08:53.863344,20
199,323,api_call,2025-12-06 00:08:53.863346,6
200,73,dashboard_view,2025-10-31 05:08:53.863347,5
201,24,report_export,2025-11-05 00:08:53.863349,6
202,270,feature_use,2025-10-22 09:08:53.863351,4
203,499,api_call,2025-11-19 09:08:53.863353,15
204,500,api_call,2025-10-02 23:08:53.863354,14
205,312,api_call,2025-10-30 02:08:53.863356,18
206,453,login,2026-01-01 00:08:53.863359,4
207,338,feature_use,2025-12-02 08:08:53.863361,18
208,2,login,2026-01-07 16:08:53.863363,14
209,235,dashboard_view,2026-02-14 05:08:53.863365,7
210,363,feature_use,2025-12-26 12:08:53.863366,15
211,59,feature_use,2025-12-07 10:08:53.863368,6
212,43,login,2025-09-06 21:08:53.863370,9
213,319,report_export,2025-11-21 18:08:53.863371,7
214,186,feature_use,2025-09-28 17:08:53.863373,7
215,177,api_call,2026-02-02 14:08:53.863375,20
216,420,report_export,2026-01-25 15:08:53.863377,12
217,79,feature_use,2025-10-23 03:08:53.863379,11
218,193,feature_use,2026-01-16 15:08:53.863380,14
219,170,feature_use,2025-10-30 13:08:53.863382,19
220,424,login,2025-11-11 21:08:53.863384,3
221,451,login,2025-09-10 10:08:53.863385,2
222,1,login,2025-12-04 12:08:53.863387,8
223,283,dashboard_view,2025-10-03 05:08:53.863389,17
224,216,dashboard_view,2025-12-16 00:08:53.863390,10
225,492,feature_use,2025-10-26 17:08:53.863392,12
226,273,feature_use,2026-01-09 00:08:53.863394,2
227,396,api_call,2025-09-26 21:08:53.863395,4
228,112,dashboard_view,2026-02-10 11:08:53.863397,20
229,478,report_export,2025-11-17 13:08:53.863399,12
230,414,api_call,2025-09-22 05:08:53.863401,9
231,396,report_export,2025-09-26 16:08:53.863403,10
232,384,login,2025-10-13 05:08:53.863404,12
233,138,login,2026-02-23 23:08:53.863406,13
234,163,feature_use,2026-03-05 20:08:53.863408,5
235,219,dashboard_view,2025-10-18 10:08:53.863410,2
236,385,feature_use,2025-12-11 19:08:53.863412,17
237,176,api_call,2025-12-17 10:08:53.863413,13
238,114,report_export,2025-10-12 21:08:53.863415,9
239,89,dashboard_view,2025-12-18 19:08:53.863417,2
240,81,api_call,2026-01-09 05:08:53.863419,9
241,313,report_export,2025-11-07 07:08:53.863420,10
242,2,feature_use,2025-12-20 16:08:53.863422,6
243,219,dashboard_view,2026-01-09 22:08:53.863424,15
244,263,feature_use,2025-10-26 10:08:53.863425,3
245,134,login,2025-10-13 06:08:53.863427,18
246,32,report_export,2025-10-16 04:08:53.863430,17
247,433,api_call,2025-09-20 05:08:53.863432,1
248,295,api_call,2025-11-25 20:08:53.863434,12
249,403,dashboard_view,2026-01-31 23:08:53.863436,12
250,437,feature_use,2026-01-19 04:08:53.863437,18
251,420,dashboard_view,2026-01-10 03:08:53.863439,20
252,130,dashboard_view,2025-10-25 08:08:53.863441,1
253,148,api_call,2025-11-06 04:08:53.863443,16
254,10,report_export,2025-11-24 15:08:53.863444,8
255,276,api_call,2026-02-16 00:08:53.863446,12
256,443,report_export,2025-11-11 11:08:53.863448,14
257,67,login,2025-12-01 12:08:53.863449,1
258,351,report_export,2025-11-27 02:08:53.863451,16
259,455,feature_use,2025-11-30 21:08:53.863453,4
260,423,api_call,2025-12-14 20:08:53.863455,5
261,344,report_export,2025-11-09 00:08:53.863457,7
262,160,login,2025-11-13 18:08:53.863458,18
263,405,api_call,2026-02-19 21:08:53.863460,9
264,406,api_call,2026-02-12 11:08:53.863462,11
265,217,login,2025-11-25 05:08:53.863463,5
266,475,report_export,2025-12-10 19:08:53.863465,9
267,439,feature_use,2025-10-29 21:08:53.863467,5
268,216,api_call,2025-11-07 15:08:53.863469,17
269,482,feature_use,2026-02-09 06:08:53.863470,13
270,60,login,2026-02-16 11:08:53.863472,5
271,350,report_export,2025-11-14 02:08:53.863474,10
272,349,dashboard_view,2026-01-21 14:08:53.863476,13
273,179,feature_use,2025-10-07 16:08:53.863477,20
274,215,report_export,2025-10-17 14:08:53.863479,19
275,406,report_export,2025-12-31 12:08:53.863481,16
276,357,login,2025-11-22 00:08:53.863483,10
277,76,feature_use,2026-01-04 00:08:53.863484,8
278,339,feature_use,2026-02-01 19:08:53.863486,1
279,67,feature_use,2026-01-21 20:08:53.863488,16
280,15,report_export,2025-09-07 20:08:53.863489,16
281,228,dashboard_view,2026-02-07 09:08:53.863491,1
282,52,dashboard_view,2026-02-09 11:08:53.863493,1
283,125,report_export,2026-03-03 01:08:53.863494,18
284,5,dashboard_view,2025-11-10 21:08:53.863496,5
285,460,report_export,2026-03-04 07:08:53.863498,17
286,33,report_export,2025-10-30 01:08:53.863500,8
287,428,api_call,2026-02-06 07:08:53.863501,6
288,367,feature_use,2025-10-06 05:08:53.863503,3
289,358,login,2025-12-28 23:08:53.863505,1
290,204,report_export,2025-11-27 18:08:53.863508,4
291,275,login,2025-11-20 06:08:53.863509,3
292,276,feature_use,2025-10-30 17:08:53.863511,4
293,199,feature_use,2025-11-24 07:08:53.863513,5
294,166,api_call,2025-10-13 17:08:53.863514,20
295,446,api_call,2026-01-02 20:08:53.863516,6
296,492,dashboard_view,2025-10-07 08:08:53.863518,5
297,351,feature_use,2025-12-12 23:08:53.863519,15
298,462,api_call,2025-12-20 23:08:53.863521,7
299,320,report_export,2025-10-05 15:08:53.863523,16
300,120,api_call,2026-01-12 21:08:53.863524,17
301,21,dashboard_view,2025-11-27 11:08:53.863526,20
302,263,dashboard_view,2025-12-27 03:08:53.863528,9
303,141,dashboard_view,2026-02-12 00:08:53.863529,19
304,184,login,2026-03-06 00:08:53.863531,3
305,225,report_export,2026-01-16 03:08:53.863533,2
306,378,dashboard_view,2025-11-08 07:08:53.863535,8
307,451,login,2026-01-04 19:08:53.863536,6
308,381,report_export,2025-10-16 14:08:53.863538,20
309,49,api_call,2025-11-11 21:08:53.863540,8
310,380,dashboard_view,2025-12-03 00:08:53.863542,10
311,363,login,2026-01-27 01:08:53.863543,7
312,192,api_call,2026-03-01 16:08:53.863545,11
313,60,report_export,2025-11-15 08:08:53.863547,20
314,96,login,2025-11-14 13:08:53.863549,8
315,445,api_call,2025-10-16 03:08:53.863550,14
316,462,feature_use,2025-10-27 21:08:53.863552,11
317,44,dashboard_view,2025-11-25 12:08:53.863554,10
318,179,login,2026-01-06 02:08:53.863555,13
319,295,api_call,2025-09-16 23:08:53.863557,15
320,372,login,2025-10-11 16:08:53.863559,19
321,60,api_call,2025-11-19 21:08:53.863560,18
322,94,dashboard_view,2025-12-17 05:08:53.863562,19
323,23,api_call,2026-02-22 08:08:53.863564,4
324,221,dashboard_view,2025-09-29 17:08:53.863565,13
325,107,login,2026-02-04 20:08:53.863567,9
326,88,api_call,2025-11-23 20:08:53.863569,14
327,481,dashboard_view,2026-03-02 11:08:53.863570,2
328,475,dashboard_view,2025-12-25 07:08:53.863572,20
329,91,feature_use,2025-09-30 21:08:53.863574,4
330,361,feature_use,2025-11-05 13:08:53.863576,3
331,263,dashboard_view,2026-01-31 07:08:53.863577,16
332,285,login,2025-11-14 17:08:53.863579,19
333,461,report_export,2026-02-28 17:08:53.863581,6
334,210,api_call,2026-02-10 12:08:53.863582,16
335,242,feature_use,2025-11-24 00:08:53.863584,3
336,174,dashboard_view,2025-11-09 12:08:53.863586,11
337,432,feature_use,2025-11-30 11:08:53.863587,12
338,433,dashboard_view,2025-12-03 16:08:53.863589,19
339,356,api_call,2025-12-02 04:08:53.863591,1
340,289,login,2025-11-12 14:08:53.863592,13
341,146,login,2025-09-18 00:08:53.863594,8
342,187,feature_use,2025-10-25 22:08:53.863596,20
343,486,login,2025-12-25 20:08:53.863598,9
344,208,feature_use,2025-11-14 03:08:53.863599,3
345,400,dashboard_view,2025-10-26 07:08:53.863601,16
346,408,dashboard_view,2025-09-26 08:08:53.863603,4
347,125,report_export,2026-02-03 08:08:53.863604,3
348,492,login,2025-09-22 21:08:53.863606,13
349,388,api_call,2026-01-15 05:08:53.863608,7
350,402,login,2025-11-29 20:08:53.863609,19
351,239,api_call,2025-10-13 20:08:53.863611,15
352,498,login,2025-09-26 07:08:53.863613,13
353,76,report_export,2025-12-20 04:08:53.863615,5
354,129,api_call,2026-03-05 06:08:53.863618,11
355,430,api_call,2026-01-08 01:08:53.863619,2
356,58,report_export,2026-01-29 17:08:53.863622,7
357,344,api_call,2025-10-19 17:08:53.863624,14
358,172,feature_use,2025-10-25 17:08:53.863626,1
359,110,feature_use,2026-02-15 04:08:53.863627,10
360,470,dashboard_view,2025-10-04 03:08:53.863629,16
361,291,report_export,2025-10-10 12:08:53.863631,3
362,236,feature_use,2025-11-27 21:08:53.863632,20
363,10,api_call,2026-02-25 18:08:53.863634,5
364,138,dashboard_view,2025-10-02 20:08:53.863636,7
365,499,report_export,2025-11-29 15:08:53.863637,2
366,227,feature_use,2025-12-17 16:08:53.863639,1
367,221,feature_use,2025-12-11 23:08:53.863641,20
368,214,report_export,2026-01-16 05:08:53.863642,9
369,93,dashboard_view,2026-02-06 03:08:53.863644,13
370,120,dashboard_view,2026-01-21 22:08:53.863646,10
371,284,report_export,2025-11-23 06:08:53.863647,9
372,218,dashboard_view,2025-09-12 06:08:53.863649,9
373,22,report_export,2025-10-04 07:08:53.863652,17
374,142,api_call,2025-12-31 20:08:53.863653,10
375,471,dashboard_view,2026-02-13 11:08:53.863655,20
376,411,login,2025-09-22 06:08:53.863657,5
377,350,login,2025-09-10 17:08:53.863658,15
378,408,login,2026-01-02 01:08:53.863660,13
379,403,report_export,2026-01-24 23:08:53.863661,3
380,322,dashboard_view,2025-10-11 05:08:53.863663,9
381,341,report_export,2025-12-02 21:08:53.863665,16
382,333,dashboard_view,2026-02-22 22:08:53.863667,12
383,93,report_export,2025-10-20 15:08:53.863668,11
384,361,api_call,2026-03-02 00:08:53.863670,18
385,214,api_call,2025-09-21 01:08:53.863672,10
386,229,feature_use,2025-09-19 10:08:53.863673,13
387,77,dashboard_view,2025-12-11 17:08:53.863675,9
388,394,dashboard_view,2025-10-05 14:08:53.863677,9
389,143,feature_use,2025-11-06 04:08:53.863678,2
390,469,dashboard_view,2026-02-24 11:08:53.863680,11
391,78,login,2026-01-14 02:08:53.863682,1
392,393,report_export,2025-09-08 08:08:53.863683,6
393,264,report_export,2025-10-20 01:08:53.863685,19
394,262,api_call,2026-01-09 04:08:53.863687,2
395,246,login,2025-10-22 08:08:53.863688,8
396,58,login,2026-02-07 12:08:53.863690,8
397,352,login,2025-12-21 21:08:53.863692,6
398,270,api_call,2025-10-04 02:08:53.863693,7
399,424,api_call,2025-09-10 08:08:53.863695,11
400,103,report_export,2026-02-07 22:08:53.863697,9
401,23,dashboard_view,2025-11-20 20:08:53.863698,12
402,495,feature_use,2025-12-16 08:08:53.863700,15
403,54,dashboard_view,2025-09-19 21:08:53.863702,12
404,58,api_call,2026-01-18 20:08:53.863704,4
405,141,feature_use,2026-01-25 09:08:53.863705,5
406,156,feature_use,2025-10-25 02:08:53.863707,16
407,451,feature_use,2025-10-13 08:08:53.863709,10
408,308,feature_use,2025-09-19 18:08:53.863711,3
409,260,login,2025-11-14 14:08:53.863712,15
410,444,dashboard_view,2025-10-17 07:08:53.863714,5
411,458,feature_use,2025-09-20 01:08:53.863716,4
412,348,report_export,2026-01-25 14:08:53.863717,12
413,238,dashboard_view,2025-12-18 11:08:53.863719,14
414,356,api_call,2026-02-03 19:08:53.863721,9
415,342,dashboard_view,2026-01-23 11:08:53.863722,16
416,347,api_call,2025-11-03 03:08:53.863724,1
417,421,login,2025-10-27 19:08:53.863726,20
418,44,login,2025-10-02 11:08:53.863728,11
419,369,api_call,2025-09-07 08:08:53.863729,19
420,9,feature_use,2026-02-12 14:08:53.863731,19
421,137,report_export,2026-02-03 15:08:53.863733,12
422,147,login,2025-09-15 22:08:53.863734,15
423,377,feature_use,2025-11-17 22:08:53.863736,6
424,427,feature_use,2026-01-31 03:08:53.863737,17
425,206,report_export,2025-11-10 21:08:53.863739,6
426,53,feature_use,2026-01-08 02:08:53.863741,20
427,1,dashboard_view,2025-10-16 14:08:53.863742,9
428,22,report_export,2025-11-27 08:08:53.863744,12
429,296,login,2026-02-05 21:08:53.863746,10
430,481,feature_use,2025-12-07 07:08:53.863748,8
431,435,api_call,2026-01-09 07:08:53.863750,20
432,238,dashboard_view,2026-02-02 19:08:53.863751,11
433,6,login,2026-02-06 23:08:53.863753,20
434,212,feature_use,2025-10-03 05:08:53.863755,18
435,56,report_export,2025-09-26 16:08:53.863756,19
436,89,api_call,2025-11-28 02:08:53.863758,4
437,437,dashboard_view,2025-12-22 19:08:53.863760,13
438,171,report_export,2025-09-20 10:08:53.863761,7
439,6,feature_use,2025-12-10 00:08:53.863763,9
440,336,login,2025-11-18 21:08:53.863764,2
441,217,dashboard_view,2026-02-01 11:08:53.863766,9
442,25,report_export,2025-10-07 19:08:53.863768,9
443,228,dashboard_view,2026-03-03 23:08:53.863770,4
444,312,feature_use,2025-10-05 13:08:53.863771,2
445,462,report_export,2025-11-26 02:08:53.863773,17
446,422,dashboard_view,2025-09-28 05:08:53.863775,4
447,17,feature_use,2025-12-11 09:08:53.863776,16
448,436,report_export,2026-01-31 22:08:53.863778,14
449,364,dashboard_view,2026-02-15 00:08:53.863780,8
450,155,login,2025-10-17 16:08:53.863782,9
451,73,api_call,2026-02-18 21:08:53.863783,20
452,40,feature_use,2026-02-05 03:08:53.863785,2
453,171,dashboard_view,2026-02-05 10:08:53.863787,8
454,413,report_export,2025-09-16 02:08:53.863788,6
455,243,report_export,2026-01-13 10:08:53.863790,2
456,211,login,2026-02-18 19:08:53.863792,5
457,222,api_call,2025-12-15 00:08:53.863794,10
458,23,feature_use,2025-12-14 08:08:53.863795,5
459,282,dashboard_view,2026-01-08 15:08:53.863797,10
460,31,report_export,2025-12-25 03:08:53.863799,5
461,158,login,2025-09-29 20:08:53.863800,2
462,335,api_call,2025-12-24 23:08:53.863802,2
463,61,api_call,2025-11-14 07:08:53.863804,14
464,175,api_call,2025-10-03 17:08:53.863805,20
465,413,api_call,2026-02-13 17:08:53.863807,18
466,200,dashboard_view,2025-11-07 14:08:53.863809,16
467,265,report_export,2025-11-25 14:08:53.863810,7
468,492,feature_use,2025-11-04 13:08:53.863812,6
469,115,login,2025-11-09 13:08:53.863814,19
470,425,login,2025-12-31 07:08:53.863815,18
471,393,report_export,2025-10-19 23:08:53.863817,4
472,400,dashboard_view,2025-10-16 12:08:53.863819,12
473,494,api_call,2025-11-19 05:08:53.863820,12
474,67,api_call,2025-09-17 02:08:53.863822,1
475,191,feature_use,2025-11-10 02:08:53.863824,3
476,4,login,2026-01-05 23:08:53.863826,20
477,267,report_export,2025-09-14 05:08:53.863827,1
478,238,api_call,2025-11-09 19:08:53.863829,7
479,417,report_export,2025-11-24 00:08:53.863831,17
480,462,report_export,2025-09-24 21:08:53.863832,10
481,87,feature_use,2026-01-24 05:08:53.863834,11
482,57,dashboard_view,2026-01-19 00:08:53.863836,7
483,45,login,2025-09-07 15:08:53.863838,3
484,21,login,2026-02-21 21:08:53.863839,15
485,300,dashboard_view,2026-01-17 21:08:53.863841,4
486,134,dashboard_view,2026-02-20 12:08:53.863843,18
487,464,report_export,2025-12-22 10:08:53.863844,6
488,146,dashboard_view,2025-09-29 04:08:53.863846,17
489,218,report_export,2026-01-16 19:08:53.863848,10
490,465,feature_use,2025-09-07 10:08:53.863850,13
491,15,feature_use,2025-11-12 21:08:53.863852,17
492,91,report_export,2025-11-03 07:08:53.863853,8
493,117,api_call,2025-10-09 11:08:53.863855,14
494,334,api_call,2025-10-01 12:08:53.863857,10
495,393,api_call,2025-12-29 01:08:53.863859,14
496,475,report_export,2026-01-30 15:08:53.863860,1
497,374,feature_use,2026-02-23 01:08:53.863862,20
498,38,feature_use,2025-10-06 20:08:53.863864,14
499,125,feature_use,2025-09-14 01:08:53.863865,15
500,101,feature_use,2026-01-22 05:08:53.863868,5
501,304,login,2025-11-08 16:08:53.863869,1
502,468,login,2025-11-22 18:08:53.863871,18
503,381,api_call,2026-02-20 11:08:53.863873,8
504,157,login,2025-09-13 03:08:53.863874,5
505,389,feature_use,2026-01-03 05:08:53.863876,15
506,326,report_export,2026-03-04 13:08:53.863878,11
507,455,api_call,2025-12-17 08:08:53.863879,19
508,196,report_export,2026-02-04 17:08:53.863881,17
509,371,dashboard_view,2025-11-21 03:08:53.863883,17
510,203,api_call,2025-12-19 08:08:53.863884,16
511,59,feature_use,2026-02-01 18:08:53.863886,3
512,403,login,2025-12-26 13:08:53.863888,18
513,232,dashboard_view,2026-01-25 22:08:53.863890,3
514,370,api_call,2025-09-16 03:08:53.863891,2
515,475,login,2025-10-22 12:08:53.863893,16
516,490,report_export,2025-10-28 14:08:53.863895,6
517,8,dashboard_view,2026-02-21 22:08:53.863896,5
518,231,login,2025-12-10 09:08:53.863898,10
519,414,dashboard_view,2025-10-09 16:08:53.863900,17
520,159,dashboard_view,2026-02-04 01:08:53.863902,5
521,240,report_export,2025-12-17 04:08:53.863903,7
522,138,login,2026-01-14 20:08:53.863905,8
523,498,dashboard_view,2026-01-30 14:08:53.863907,20
524,409,login,2025-11-03 00:08:53.863909,9
525,335,api_call,2025-11-27 13:08:53.863910,11
526,219,feature_use,2025-11-09 15:08:53.863912,1
527,192,login,2026-01-18 19:08:53.863914,7
528,148,api_call,2026-01-29 14:08:53.863915,6
529,179,report_export,2026-01-22 14:08:53.863917,12
530,475,report_export,2025-09-27 05:08:53.863919,7
531,207,dashboard_view,2025-10-27 16:08:53.863920,5
532,11,dashboard_view,2025-11-26 00:08:53.863922,11
533,449,report_export,2025-09-09 22:08:53.863924,10
534,314,feature_use,2026-01-10 10:08:53.863925,8
535,177,api_call,2025-12-07 13:08:53.863927,2
536,73,login,2025-11-15 16:08:53.863929,18
537,141,dashboard_view,2025-10-02 12:08:53.863931,15
538,38,login,2026-03-02 22:08:53.863932,1
539,425,login,2025-09-10 08:08:53.863934,12
540,177,feature_use,2026-02-21 11:08:53.863936,19
541,484,api_call,2025-12-20 11:08:53.863937,4
542,437,report_export,2026-01-31 07:08:53.863939,16
543,468,dashboard_view,2025-12-27 18:08:53.863941,18
544,313,login,2025-10-26 01:08:53.863943,2
545,280,dashboard_view,2025-12-22 12:08:53.863945,8
546,491,api_call,2026-01-13 03:08:53.863947,8
547,86,dashboard_view,2025-12-23 22:08:53.863949,13
548,219,api_call,2025-09-16 09:08:53.863951,7
549,239,dashboard_view,2026-01-29 22:08:53.863953,1
550,155,api_call,2025-12-02 10:08:53.863954,10
551,207,feature_use,2025-11-29 15:08:53.863956,9
552,106,dashboard_view,2026-02-07 03:08:53.863958,18
553,170,dashboard_view,2025-11-20 11:08:53.863959,5
554,421,api_call,2025-10-06 17:08:53.863961,5
555,487,api_call,2025-12-17 17:08:53.863963,17
556,149,feature_use,2025-11-13 15:08:53.863964,8
557,485,login,2026-01-30 21:08:53.863966,4
558,382,feature_use,2026-02-19 18:08:53.863968,1
559,351,report_export,2026-02-15 01:08:53.863969,18
560,499,dashboard_view,2025-11-24 18:08:53.863971,7
561,432,login,2025-11-28 06:08:53.863973,5
562,277,login,2025-09-22 09:08:53.863975,10
563,16,feature_use,2025-10-17 13:08:53.863976,16
564,175,api_call,2025-10-07 23:08:53.863978,11
565,304,feature_use,2025-10-06 14:08:53.863979,1
566,176,report_export,2025-12-29 17:08:53.863981,1
567,440,report_export,2025-11-25 15:08:53.863983,14
568,356,feature_use,2025-09-19 10:08:53.863985,6
569,26,api_call,2025-11-16 03:08:53.863986,19
570,262,api_call,2025-11-23 18:08:53.863988,6
571,443,api_call,2025-12-03 03:08:53.863990,4
572,267,login,2026-01-06 23:08:53.863991,9
573,69,api_call,2025-09-23 19:08:53.863993,9
574,67,dashboard_view,2026-03-01 13:08:53.863995,11
575,396,login,2025-09-26 03:08:53.863996,19
576,182,dashboard_view,2025-10-10 11:08:53.863998,5
577,309,login,2026-01-22 13:08:53.864000,4
578,79,dashboard_view,2025-11-04 03:08:53.864002,5
579,58,api_call,2026-01-06 22:08:53.864003,10
580,230,feature_use,2025-10-27 06:08:53.864005,13
581,144,report_export,2025-12-13 03:08:53.864007,1
582,349,login,2025-12-01 03:08:53.864009,2
583,91,feature_use,2025-12-10 17:08:53.864010,16
584,237,report_export,2025-10-03 04:08:53.864012,3
585,496,api_call,2026-03-02 21:08:53.864014,10
586,23,login,2026-03-05 19:08:53.864015,20
587,12,report_export,2026-01-13 00:08:53.864017,3
588,366,dashboard_view,2026-02-18 14:08:53.864019,11
589,32,api_call,2026-02-25 08:08:53.864021,4
590,354,report_export,2025-09-28 12:08:53.864022,11
591,272,api_call,2025-10-13 02:08:53.864024,1
592,290,login,2026-02-22 08:08:53.864026,2
593,406,api_call,2025-10-11 07:08:53.864027,7
594,264,api_call,2026-02-13 09:08:53.864029,14
595,310,api_call,2025-09-08 05:08:53.864031,17
596,32,report_export,2025-09-12 15:08:53.864033,13
597,170,report_export,2025-10-11 05:08:53.864034,1
598,30,report_export,2025-12-19 12:08:53.864036,9
599,446,api_call,2025-11-27 16:08:53.864038,19
600,220,login,2025-10-31 20:08:53.864039,19
601,340,api_call,2025-12-29 01:08:53.864041,1
602,374,feature_use,2025-12-09 08:08:53.864043,16
603,415,report_export,2025-11-08 07:08:53.864045,6
604,398,api_call,2025-11-11 08:08:53.864046,13
605,251,api_call,2025-09-28 14:08:53.864048,15
606,310,api_call,2026-01-02 13:08:53.864050,17
607,35,dashboard_view,2025-12-13 11:08:53.864051,5
608,277,dashboard_view,2025-12-21 20:08:53.864053,2
609,168,api_call,2025-12-22 10:08:53.864055,11
610,184,report_export,2025-11-05 07:08:53.864056,6
611,391,feature_use,2026-02-16 15:08:53.864058,16
612,29,login,2025-12-04 01:08:53.864060,14
613,469,report_export,2025-11-21 19:08:53.864061,10
614,498,report_export,2026-01-20 11:08:53.864063,6
615,261,dashboard_view,2026-01-08 09:08:53.864065,6
616,476,dashboard_view,2025-11-04 13:08:53.864066,13
617,311,report_export,2025-09-07 10:08:53.864068,12
618,86,dashboard_view,2025-12-02 02:08:53.864070,12
619,432,feature_use,2025-10-31 00:08:53.864072,6
620,265,report_export,2025-12-06 15:08:53.864073,3
621,245,dashboard_view,2025-11-20 22:08:53.864075,19
622,234,report_export,2026-01-13 21:08:53.864076,9
623,396,dashboard_view,2026-02-01 03:08:53.864078,17
624,457,api_call,2025-12-05 09:08:53.864080,7
625,431,dashboard_view,2026-03-04 22:08:53.864081,8
626,422,report_export,2025-12-27 18:08:53.864083,13
627,490,feature_use,2025-10-20 04:08:53.864086,16
628,105,feature_use,2025-09-07 04:08:53.864088,5
629,138,login,2025-12-16 07:08:53.864089,16
630,399,api_call,2025-10-02 13:08:53.864091,17
631,243,report_export,2025-09-21 02:08:53.864093,1
632,311,feature_use,2025-10-21 02:08:53.864094,20
633,449,api_call,2026-02-26 14:08:53.864096,19
634,413,dashboard_view,2026-02-10 10:08:53.864098,1
635,39,dashboard_view,2026-01-04 10:08:53.864100,18
636,277,report_export,2025-12-05 12:08:53.864101,14
637,38,report_export,2025-10-28 00:08:53.864103,3
638,206,feature_use,2025-10-18 23:08:53.864104,19
639,195,login,2026-01-14 00:08:53.864106,17
640,140,dashboard_view,2026-01-23 05:08:53.864108,8
641,105,login,2025-10-16 07:08:53.864109,9
642,97,api_call,2026-02-09 00:08:53.864111,11
643,380,api_call,2025-11-25 15:08:53.864113,12
644,288,feature_use,2026-02-25 00:08:53.864114,11
645,153,api_call,2026-01-08 16:08:53.864116,15
646,233,feature_use,2026-02-26 17:08:53.864118,19
647,255,login,2025-09-09 10:08:53.864119,20
648,485,login,2025-09-27 02:08:53.864121,12
649,414,dashboard_view,2026-02-24 17:08:53.864123,7
650,143,report_export,2026-02-21 03:08:53.864124,20
651,183,report_export,2025-09-29 07:08:53.864126,8
652,201,login,2025-09-26 07:08:53.864128,6
653,235,feature_use,2026-03-04 12:08:53.864129,12
654,110,api_call,2025-10-25 08:08:53.864131,4
655,102,report_export,2025-10-22 03:08:53.864133,5
656,63,api_call,2025-10-14 02:08:53.864134,2
657,56,dashboard_view,2025-09-16 03:08:53.864136,5
658,142,feature_use,2025-12-13 12:08:53.864137,16
659,129,login,2026-01-27 01:08:53.864139,7
660,319,report_export,2025-10-18 14:08:53.864141,11
661,217,login,2025-11-07 10:08:53.864142,13
662,450,feature_use,2025-10-13 17:08:53.864144,20
663,372,feature_use,2025-10-21 03:08:53.864146,16
664,252,login,2025-09-13 00:08:53.864147,11
665,222,api_call,2025-10-09 05:08:53.864149,7
666,349,report_export,2026-02-19 08:08:53.864151,18
667,120,feature_use,2026-02-06 11:08:53.864152,6
668,356,dashboard_view,2026-01-27 15:08:53.864154,10
669,271,dashboard_view,2025-12-25 00:08:53.864156,18
670,277,api_call,2026-01-17 05:08:53.864157,3
671,170,report_export,2026-03-02 21:08:53.864159,19
672,162,api_call,2025-10-12 20:08:53.864161,2
673,495,dashboard_view,2025-11-01 21:08:53.864162,5
674,211,report_export,2025-11-26 17:08:53.864164,16
675,340,login,2025-11-30 23:08:53.864166,17
676,239,feature_use,2025-10-26 03:08:53.864168,16
677,18,feature_use,2025-11-05 18:08:53.864169,9
678,373,login,2025-12-17 17:08:53.864171,8
679,352,report_export,2026-01-13 19:08:53.864173,14
680,455,report_export,2025-10-30 20:08:53.864174,11
681,317,dashboard_view,2025-10-26 08:08:53.864176,8
682,397,login,2026-01-12 23:08:53.864178,3
683,296,login,2026-01-11 20:08:53.864179,15
684,143,dashboard_view,2025-09-30 02:08:53.864181,16
685,465,dashboard_view,2025-12-03 19:08:53.864183,19
686,70,feature_use,2026-02-13 02:08:53.864185,7
687,373,report_export,2025-09-21 16:08:53.864186,20
688,457,dashboard_view,2025-12-09 16:08:53.864188,11
689,482,login,2026-01-23 03:08:53.864190,10
690,457,login,2025-12-24 17:08:53.864191,12
691,176,dashboard_view,2025-12-15 17:08:53.864193,3
692,145,api_call,2026-02-09 05:08:53.864195,6
693,85,dashboard_view,2025-12-11 16:08:53.864196,2
694,391,api_call,2025-12-11 22:08:53.864198,8
695,391,dashboard_view,2025-12-17 12:08:53.864200,17
696,299,report_export,2025-09-12 10:08:53.864201,13
697,337,dashboard_view,2026-02-28 07:08:53.864204,11
698,265,report_export,2025-10-23 03:08:53.864205,6
699,307,dashboard_view,2026-02-24 16:08:53.864207,13
700,465,feature_use,2025-09-09 13:08:53.864209,16
701,244,report_export,2025-10-29 07:08:53.864210,18
702,260,api_call,2025-12-01 21:08:53.864212,6
703,88,login,2025-11-02 14:08:53.864214,14
704,155,feature_use,2026-01-10 19:08:53.864215,19
705,91,feature_use,2025-09-15 12:08:53.864217,12
706,426,api_call,2025-12-19 14:08:53.864218,18
707,326,dashboard_view,2025-10-24 05:08:53.864220,1
708,43,report_export,2026-02-14 02:08:53.864222,3
709,223,api_call,2025-12-13 03:08:53.864224,12
710,280,login,2025-09-14 06:08:53.864225,14
711,85,api_call,2025-12-15 05:08:53.864227,10
712,322,feature_use,2026-01-16 13:08:53.864229,2
713,219,report_export,2026-02-07 09:08:53.864230,11
714,241,dashboard_view,2025-10-11 06:08:53.864232,12
715,331,dashboard_view,2025-11-02 14:08:53.864234,19
716,462,dashboard_view,2026-02-08 12:08:53.864235,2
717,131,api_call,2026-01-24 09:08:53.864237,7
718,26,report_export,2025-11-30 20:08:53.864239,4
719,167,report_export,2026-01-16 00:08:53.864241,12
720,231,api_call,2026-02-13 02:08:53.864242,3
721,144,login,2026-02-13 02:08:53.864244,8
722,464,api_call,2026-02-03 21:08:53.864245,2
723,116,feature_use,2025-09-13 23:08:53.864247,9
724,62,login,2025-10-12 10:08:53.864249,13
725,97,dashboard_view,2025-09-12 07:08:53.864251,1
726,274,login,2026-01-04 12:08:53.864252,16
727,122,feature_use,2025-12-16 00:08:53.864254,7
728,432,feature_use,2025-12-01 11:08:53.864256,7
729,153,api_call,2025-12-07 02:08:53.864257,10
730,498,api_call,2026-01-17 13:08:53.864259,4
731,333,report_export,2025-12-05 23:08:53.864269,14
732,409,login,2025-10-09 15:08:53.864271,16
733,441,report_export,2025-11-25 02:08:53.864273,8
734,487,report_export,2025-12-02 10:08:53.864274,9
735,11,login,2025-10-09 19:08:53.864276,16
736,165,login,2025-09-16 13:08:53.864278,18
737,225,dashboard_view,2025-11-30 15:08:53.864279,18
738,244,report_export,2025-12-15 09:08:53.864281,8
739,498,dashboard_view,2025-12-19 08:08:53.864283,2
740,442,feature_use,2025-12-01 22:08:53.864284,11
741,407,dashboard_view,2025-10-06 18:08:53.864286,19
742,233,report_export,2025-10-04 03:08:53.864288,2
743,485,report_export,2025-10-02 08:08:53.864289,16
744,376,report_export,2026-01-29 20:08:53.864291,6
745,392,login,2025-09-10 12:08:53.864293,10
746,472,feature_use,2025-10-16 16:08:53.864294,5
747,104,dashboard_view,2025-11-26 10:08:53.864296,9
748,400,api_call,2025-10-04 11:08:53.864298,9
749,262,report_export,2025-10-17 07:08:53.864299,10
750,10,dashboard_view,2026-02-21 04:08:53.864301,14
751,71,report_export,2025-12-30 01:08:53.864303,20
752,173,dashboard_view,2025-09-27 09:08:53.864305,8
753,363,dashboard_view,2026-01-30 21:08:53.864306,18
754,500,report_export,2025-11-30 04:08:53.864309,6
755,262,report_export,2026-02-21 19:08:53.864311,18
756,138,login,2025-09-20 08:08:53.864313,20
757,358,login,2026-02-13 00:08:53.864314,11
758,369,report_export,2026-01-01 11:08:53.864316,19
759,353,dashboard_view,2025-11-05 22:08:53.864318,1
760,172,feature_use,2026-02-26 12:08:53.864319,8
761,99,feature_use,2026-02-06 04:08:53.864321,7
762,90,login,2026-01-06 22:08:53.864323,20
763,383,report_export,2025-11-06 12:08:53.864325,4
764,109,api_call,2025-10-06 09:08:53.864326,11
765,348,login,2025-12-20 18:08:53.864328,15
766,21,login,2025-10-10 05:08:53.864330,16
767,51,login,2025-10-26 03:08:53.864331,14
768,499,report_export,2025-12-02 08:08:53.864333,12
769,388,api_call,2026-03-02 00:08:53.864335,1
770,253,dashboard_view,2026-01-19 13:08:53.864336,16
771,415,report_export,2026-01-27 14:08:53.864338,4
772,346,dashboard_view,2025-10-11 13:08:53.864340,11
773,182,feature_use,2025-12-25 05:08:53.864341,20
774,423,report_export,2025-09-28 12:08:53.864343,6
775,419,login,2026-01-18 03:08:53.864345,9
776,111,api_call,2026-01-21 04:08:53.864346,4
777,286,login,2026-02-17 18:08:53.864348,5
778,146,report_export,2025-11-12 06:08:53.864350,19
779,9,report_export,2026-01-31 07:08:53.864352,11
780,360,login,2026-03-01 20:08:53.864353,12
781,291,feature_use,2025-09-25 09:08:53.864355,4
782,267,dashboard_view,2025-12-01 17:08:53.864357,3
783,185,report_export,2025-09-24 00:08:53.864358,13
784,36,dashboard_view,2026-02-28 16:08:53.864360,3
785,297,login,2025-10-09 18:08:53.864362,4
786,365,api_call,2025-12-21 13:08:53.864363,13
787,392,feature_use,2025-10-21 21:08:53.864365,10
788,69,feature_use,2026-02-23 23:08:53.864367,15
789,61,feature_use,2025-10-15 23:08:53.864368,17
790,202,report_export,2025-10-04 17:08:53.864370,20
791,106,feature_use,2025-11-28 05:08:53.864372,14
792,316,report_export,2025-12-01 09:08:53.864373,3
793,320,api_call,2026-01-20 11:08:53.864375,18
794,258,report_export,2026-01-21 14:08:53.864377,10
795,295,feature_use,2025-09-12 21:08:53.864379,18
796,378,feature_use,2026-01-10 05:08:53.864380,2
797,227,feature_use,2025-10-22 08:08:53.864382,4
798,415,feature_use,2025-11-22 19:08:53.864383,6
799,49,feature_use,2025-12-14 08:08:53.864385,6
800,25,report_export,2026-02-20 22:08:53.864388,1
801,221,api_call,2025-12-17 20:08:53.864390,7
802,394,api_call,2025-12-18 09:08:53.864391,18
803,19,api_call,2025-10-05 21:08:53.864393,8
804,112,dashboard_view,2026-01-26 00:08:53.864394,18
805,226,api_call,2026-03-04 08:08:53.864396,8
806,100,dashboard_view,2025-10-30 23:08:53.864398,19
807,32,report_export,2026-02-15 05:08:53.864399,18
808,134,feature_use,2026-02-06 04:08:53.864401,15
809,76,dashboard_view,2025-10-31 23:08:53.864403,7
810,30,login,2025-12-22 18:08:53.864405,7
811,403,api_call,2025-10-02 21:08:53.864407,13
812,310,report_export,2026-02-11 22:08:53.864409,2
813,32,feature_use,2026-01-10 01:08:53.864410,6
814,78,login,2025-12-28 16:08:53.864412,17
815,182,feature_use,2025-09-16 10:08:53.864414,12
816,325,dashboard_view,2026-01-27 22:08:53.864415,1
817,393,report_export,2026-01-22 09:08:53.864417,3
818,481,api_call,2026-01-02 20:08:53.864419,3
819,390,feature_use,2025-11-11 18:08:53.864420,5
820,260,login,2025-10-26 13:08:53.864422,7
821,294,feature_use,2026-02-16 07:08:53.864424,12
822,239,dashboard_view,2026-03-04 11:08:53.864425,7
823,60,api_call,2026-02-11 07:08:53.864427,16
824,417,login,2025-09-22 19:08:53.864429,17
825,384,login,2025-10-05 11:08:53.864430,8
826,339,api_call,2025-09-28 07:08:53.864432,5
827,221,dashboard_view,2025-10-08 03:08:53.864434,5
828,150,report_export,2025-09-11 01:08:53.864435,4
829,104,api_call,2026-01-13 09:08:53.864437,20
830,161,dashboard_view,2025-10-01 17:08:53.864439,12
831,54,dashboard_view,2025-10-02 02:08:53.864440,11
832,191,dashboard_view,2025-11-18 11:08:53.864442,4
833,53,feature_use,2025-09-29 16:08:53.864444,2
834,309,api_call,2025-10-09 02:08:53.864445,17
835,108,feature_use,2025-09-12 23:08:53.864447,16
836,21,feature_use,2026-02-06 07:08:53.864449,11
837,83,dashboard_view,2025-10-19 23:08:53.864450,17
838,87,api_call,2025-11-14 14:08:53.864452,9
839,291,login,2026-02-03 00:08:53.864454,5
840,342,login,2025-10-26 18:08:53.864456,20
841,50,report_export,2025-11-30 17:08:53.864457,19
842,415,feature_use,2026-01-02 06:08:53.864459,3
843,225,feature_use,2026-03-02 10:08:53.864461,7
844,304,feature_use,2026-01-09 10:08:53.864462,10
845,267,dashboard_view,2025-11-07 12:08:53.864464,1
846,128,api_call,2025-09-12 03:08:53.864466,17
847,159,dashboard_view,2026-01-26 05:08:53.864467,17
848,357,api_call,2025-12-11 21:08:53.864469,7
849,259,report_export,2025-10-16 00:08:53.864471,9
850,301,login,2025-10-31 02:08:53.864473,20
851,414,api_call,2026-01-25 21:08:53.864474,2
852,69,report_export,2025-10-06 12:08:53.864476,14
853,297,api_call,2025-11-26 23:08:53.864478,14
854,237,login,2026-02-21 12:08:53.864479,12
855,301,login,2025-10-06 20:08:53.864481,1
856,62,dashboard_view,2026-02-02 15:08:53.864483,19
857,338,login,2026-01-24 13:08:53.864485,6
858,287,api_call,2025-12-11 08:08:53.864486,14
859,337,api_call,2026-02-26 16:08:53.864488,15
860,334,dashboard_view,2026-02-13 10:08:53.864490,8
861,480,login,2025-12-02 02:08:53.864492,9
862,357,report_export,2026-01-22 00:08:53.864493,9
863,443,login,2025-12-27 07:08:53.864495,16
864,385,feature_use,2026-01-18 17:08:53.864497,11
865,166,feature_use,2025-12-09 19:08:53.864499,16
866,123,api_call,2025-10-03 10:08:53.864500,8
867,414,login,2026-01-30 05:08:53.864502,16
868,402,api_call,2025-12-11 17:08:53.864504,5
869,325,feature_use,2026-02-26 22:08:53.864505,4
870,289,api_call,2025-09-07 18:08:53.864507,15
871,187,feature_use,2025-10-06 19:08:53.864509,2
872,308,login,2025-11-25 22:08:53.864510,17
873,230,feature_use,2025-10-12 16:08:53.864512,6
874,137,login,2025-09-17 23:08:53.864514,5
875,346,login,2025-10-14 15:08:53.864516,15
876,219,api_call,2025-10-21 16:08:53.864517,3
877,197,api_call,2026-02-14 12:08:53.864519,3
878,242,login,2025-11-13 09:08:53.864521,1
879,380,login,2025-10-06 11:08:53.864522,15
880,298,api_call,2025-11-21 15:08:53.864524,5
881,140,api_call,2025-09-25 01:08:53.864527,17
882,362,report_export,2026-01-31 00:08:53.864528,5
883,352,api_call,2025-09-23 22:08:53.864530,14
884,397,feature_use,2025-11-27 19:08:53.864532,5
885,176,api_call,2025-11-25 04:08:53.864533,17
886,266,dashboard_view,2026-02-28 15:08:53.864536,20
887,386,login,2025-09-24 09:08:53.864538,19
888,69,feature_use,2025-09-20 19:08:53.864539,3
889,190,login,2026-01-03 19:08:53.864541,4
890,121,api_call,2026-02-17 08:08:53.864543,10
891,175,api_call,2025-10-17 22:08:53.864545,11
892,264,report_export,2025-12-01 21:08:53.864546,4
893,228,report_export,2026-02-26 09:08:53.864548,2
894,99,report_export,2025-11-06 13:08:53.864550,19
895,307,feature_use,2025-10-17 23:08:53.864551,4
896,240,report_export,2026-01-24 04:08:53.864553,3
897,98,feature_use,2025-12-23 14:08:53.864555,20
898,249,api_call,2025-12-18 16:08:53.864557,17
899,345,report_export,2025-11-08 09:08:53.864559,17
900,372,api_call,2025-09-30 16:08:53.864560,20
901,424,login,2025-09-08 12:08:53.864562,15
902,2,report_export,2025-11-07 03:08:53.864564,20
903,482,dashboard_view,2026-02-13 09:08:53.864566,7
904,192,feature_use,2026-01-24 10:08:53.864568,10
905,131,api_call,2025-10-19 13:08:53.864569,10
906,428,api_call,2025-09-25 12:08:53.864571,14
907,236,dashboard_view,2025-11-19 14:08:53.864573,4
908,307,api_call,2026-02-16 13:08:53.864575,12
909,292,dashboard_view,2025-10-19 19:08:53.864576,7
910,288,api_call,2025-11-20 19:08:53.864578,3
911,241,report_export,2026-01-18 22:08:53.864580,5
912,127,login,2025-11-26 04:08:53.864581,3
913,237,report_export,2026-02-22 22:08:53.864583,10
914,313,feature_use,2025-12-16 21:08:53.864585,14
915,302,dashboard_view,2025-12-30 09:08:53.864587,2
916,100,report_export,2025-10-15 06:08:53.864588,12
917,213,login,2025-12-23 13:08:53.864590,3
918,99,report_export,2025-09-29 04:08:53.864592,1
919,138,login,2025-11-30 23:08:53.864594,6
920,190,report_export,2025-10-15 22:08:53.864595,20
921,283,login,2025-12-12 03:08:53.864597,15
922,340,dashboard_view,2025-09-25 07:08:53.864599,13
923,22,login,2025-10-11 19:08:53.864600,3
924,203,feature_use,2025-11-23 06:08:53.864602,6
925,82,login,2025-10-01 03:08:53.864604,11
926,110,report_export,2026-01-11 08:08:53.864605,6
927,389,api_call,2026-02-01 00:08:53.864607,11
928,365,feature_use,2026-02-16 21:08:53.864609,18
929,285,report_export,2025-09-26 03:08:53.864610,11
930,359,login,2025-11-21 13:08:53.864612,9
931,484,dashboard_view,2025-09-17 19:08:53.864614,10
932,414,api_call,2026-02-17 08:08:53.864615,6
933,374,login,2025-12-23 11:08:53.864617,7
934,293,dashboard_view,2025-10-26 23:08:53.864619,18
935,160,feature_use,2026-02-10 18:08:53.864621,13
936,370,dashboard_view,2025-11-22 16:08:53.864622,20
937,273,dashboard_view,2025-09-08 11:08:53.864624,14
938,97,login,2025-10-01 03:08:53.864626,13
939,6,api_call,2026-02-19 14:08:53.864627,13
940,280,dashboard_view,2025-11-06 14:08:53.864629,4
941,51,report_export,2025-10-03 08:08:53.864631,14
942,58,dashboard_view,2026-02-14 08:08:53.864632,18
943,267,feature_use,2025-09-20 00:08:53.864634,7
944,425,report_export,2025-12-25 22:08:53.864636,14
945,366,api_call,2025-09-25 06:08:53.864637,15
946,250,feature_use,2025-11-17 23:08:53.864639,16
947,322,dashboard_view,2026-02-25 19:08:53.864641,5
948,490,feature_use,2026-01-21 05:08:53.864643,17
949,443,dashboard_view,2026-02-15 07:08:53.864644,11
950,499,login,2025-10-16 20:08:53.864646,4
951,334,report_export,2025-12-19 21:08:53.864648,4
952,140,feature_use,2026-01-12 12:08:53.864650,13
953,329,dashboard_view,2025-09-27 11:08:53.864651,19
954,483,api_call,2026-01-01 11:08:53.864653,12
955,104,dashboard_view,2026-02-07 10:08:53.864654,2
956,212,login,2026-01-30 22:08:53.864656,15
957,312,login,2026-01-25 15:08:53.864658,6
958,167,api_call,2026-02-01 11:08:53.864660,14
959,422,login,2026-02-01 09:08:53.864661,3
960,253,login,2025-11-10 07:08:53.864663,11
961,370,feature_use,2025-09-16 14:08:53.864665,15
962,250,dashboard_view,2025-10-04 12:08:53.864666,12
963,85,login,2025-12-18 13:08:53.864668,6
964,49,feature_use,2025-11-02 20:08:53.864670,8
965,290,dashboard_view,2025-09-29 04:08:53.864671,12
966,264,dashboard_view,2025-09-15 06:08:53.864673,6
967,60,feature_use,2025-09-07 15:08:53.864675,5
968,81,feature_use,2025-11-25 16:08:53.864677,14
969,8,api_call,2026-01-07 13:08:53.864678,3
970,193,feature_use,2025-12-09 21:08:53.864680,2
971,30,login,2025-11-03 15:08:53.864682,19
972,310,dashboard_view,2026-01-13 13:08:53.864683,8
973,312,login,2025-09-27 14:08:53.864685,5
974,462,report_export,2026-01-30 08:08:53.864687,12
975,4,feature_use,2026-01-24 11:08:53.864689,13
976,457,feature_use,2026-02-09 03:08:53.864690,14
977,363,report_export,2025-09-23 07:08:53.864692,8
978,371,login,2025-12-06 12:08:53.864694,12
979,494,login,2025-10-12 03:08:53.864695,7
980,48,api_call,2026-02-27 03:08:53.864697,10
981,277,login,2025-09-15 11:08:53.864699,10
982,336,dashboard_view,2026-01-19 17:08:53.864701,16
983,390,dashboard_view,2026-02-18 08:08:53.864703,13
984,182,feature_use,2026-02-28 01:08:53.864704,18
985,418,feature_use,2025-10-14 12:08:53.864706,9
986,404,dashboard_view,2025-12-22 02:08:53.864708,17
987,406,api_call,2025-10-13 05:08:53.864710,2
988,251,dashboard_view,2026-02-01 06:08:53.864711,14
989,216,feature_use,2026-01-02 04:08:53.864713,3
990,129,report_export,2025-10-31 18:08:53.864715,19
991,316,login,2025-09-22 18:08:53.864716,2
992,151,login,2025-12-31 03:08:53.864718,10
993,38,dashboard_view,2025-12-23 20:08:53.864720,6
994,207,dashboard_view,2026-01-22 19:08:53.864721,17
995,122,dashboard_view,2025-10-30 21:08:53.864723,7
996,135,report_export,2026-01-29 14:08:53.864725,19
997,196,login,2026-01-11 22:08:53.864726,19
998,249,api_call,2025-09-19 06:08:53.864728,15
999,40,feature_use,2025-11-16 08:08:53.864729,10
1000,64,dashboard_view,2025-10-16 17:08:53.864731,3
1001,367,login,2026-01-21 11:08:53.864733,9
1002,450,api_call,2026-02-21 03:08:53.864735,18
1003,349,api_call,2025-09-27 15:08:53.864737,7
1004,383,api_call,2025-10-29 15:08:53.864738,10
1005,396,feature_use,2025-11-29 18:08:53.864740,12
1006,218,dashboard_view,2025-10-31 11:08:53.864742,2
1007,373,feature_use,2026-01-30 09:08:53.864743,15
1008,155,feature_use,2025-10-22 06:08:53.864746,8
1009,157,login,2025-12-10 15:08:53.864748,10
1010,295,api_call,2026-01-04 14:08:53.864750,19
1011,80,report_export,2025-09-22 20:08:53.864751,2
1012,288,login,2026-02-18 02:08:53.864753,6
1013,53,login,2025-10-24 01:08:53.864755,1
1014,11,dashboard_view,2025-12-28 14:08:53.864756,7
1015,159,report_export,2026-01-23 06:08:53.864758,13
1016,493,feature_use,2026-03-04 20:08:53.864760,5
1017,239,dashboard_view,2025-12-30 22:08:53.864762,15
1018,344,report_export,2025-11-26 13:08:53.864763,16
1019,75,dashboard_view,2025-12-19 12:08:53.864765,12
1020,289,feature_use,2025-12-09 21:08:53.864767,7
1021,7,report_export,2025-09-30 08:08:53.864768,5
1022,79,login,2026-02-23 22:08:53.864770,13
1023,368,report_export,2025-12-13 22:08:53.864772,5
1024,475,login,2025-12-21 14:08:53.864774,6
1025,345,report_export,2026-02-06 05:08:53.864775,11
1026,276,login,2026-02-25 04:08:53.864777,12
1027,481,dashboard_view,2026-01-02 23:08:53.864779,9
1028,343,report_export,2025-11-13 07:08:53.864780,3
1029,246,login,2026-02-23 19:08:53.864782,10
1030,476,login,2025-12-14 13:08:53.864784,7
1031,217,report_export,2026-03-01 02:08:53.864785,1
1032,283,dashboard_view,2026-01-13 19:08:53.864787,9
1033,36,feature_use,2025-11-21 06:08:53.864789,3
1034,335,report_export,2025-12-27 16:08:53.864790,18
1035,452,login,2025-11-30 20:08:53.864794,5
1036,111,api_call,2026-02-14 14:08:53.864795,19
1037,281,api_call,2026-01-29 18:08:53.864797,9
1038,248,login,2025-09-08 22:08:53.864799,7
1039,482,feature_use,2026-02-26 08:08:53.864800,5
1040,107,feature_use,2026-02-12 14:08:53.864802,1
1041,113,api_call,2026-01-09 12:08:53.864803,19
1042,195,dashboard_view,2025-12-12 11:08:53.864805,16
1043,41,login,2026-02-26 20:08:53.864807,5
1044,44,report_export,2025-12-13 13:08:53.864808,12
1045,125,dashboard_view,2026-01-06 22:08:53.864810,18
1046,150,report_export,2025-10-19 18:08:53.864812,15
1047,451,dashboard_view,2026-02-06 13:08:53.864813,2
1048,133,feature_use,2025-12-24 12:08:53.864815,1
1049,240,feature_use,2026-02-16 14:08:53.864879,5
1050,235,dashboard_view,2025-10-29 16:08:53.864881,10
1051,196,feature_use,2026-02-24 15:08:53.864882,14
1052,233,login,2026-02-18 10:08:53.864884,5
1053,89,dashboard_view,2025-12-28 09:08:53.864886,15
1054,305,dashboard_view,2025-12-02 21:08:53.864888,9
1055,391,report_export,2025-12-23 08:08:53.864890,7
1056,190,api_call,2026-02-10 03:08:53.864892,10
1057,440,api_call,2025-11-18 21:08:53.864894,16
1058,477,dashboard_view,2025-12-14 23:08:53.864896,9
1059,365,dashboard_view,2025-11-30 20:08:53.864897,1
1060,400,api_call,2026-01-02 00:08:53.864899,9
1061,395,api_call,2026-01-16 12:08:53.864901,20
1062,15,dashboard_view,2025-10-17 01:08:53.864903,6
1063,250,dashboard_view,2026-02-08 13:08:53.864904,17
1064,492,dashboard_view,2025-10-01 13:08:53.864906,5
1065,117,login,2026-01-29 03:08:53.864908,20
1066,481,report_export,2025-11-15 19:08:53.864910,17
1067,48,feature_use,2025-12-15 17:08:53.864912,9
1068,115,api_call,2025-10-07 17:08:53.864913,6
1069,220,api_call,2025-12-20 17:08:53.864915,6
1070,141,feature_use,2025-10-06 16:08:53.864917,13
1071,382,dashboard_view,2026-02-18 23:08:53.864918,5
1072,409,api_call,2026-01-08 14:08:53.864920,1
1073,287,report_export,2025-10-11 19:08:53.864922,9
1074,266,report_export,2025-10-01 08:08:53.864923,9
1075,434,report_export,2026-02-22 11:08:53.864925,12
1076,403,dashboard_view,2025-11-23 22:08:53.864927,15
1077,141,report_export,2026-01-08 11:08:53.864929,16
1078,287,login,2026-01-25 18:08:53.864930,9
1079,199,dashboard_view,2025-10-06 23:08:53.864932,17
1080,130,dashboard_view,2026-01-05 04:08:53.864934,5
1081,219,feature_use,2026-03-05 17:08:53.864935,11
1082,386,report_export,2025-12-03 23:08:53.864937,19
1083,430,api_call,2025-11-18 22:08:53.864939,6
1084,321,dashboard_view,2025-11-10 12:08:53.864940,10
1085,326,api_call,2025-09-18 18:08:53.864942,18
1086,58,report_export,2025-10-30 20:08:53.864944,19
1087,18,api_call,2025-12-09 21:08:53.864945,7
1088,252,api_call,2026-01-30 20:08:53.864947,11
1089,46,api_call,2026-01-14 04:08:53.864949,1
1090,229,feature_use,2026-02-20 14:08:53.864951,4
1091,111,api_call,2025-12-15 05:08:53.864952,8
1092,392,api_call,2025-12-24 12:08:53.864954,5
1093,493,feature_use,2026-01-01 05:08:53.864956,16
1094,461,dashboard_view,2025-12-28 21:08:53.864958,14
1095,164,dashboard_view,2025-12-29 12:08:53.864959,14
1096,392,login,2025-12-24 06:08:53.864961,5
1097,171,dashboard_view,2026-03-04 20:08:53.864963,12
1098,105,report_export,2026-01-30 10:08:53.864965,16
1099,19,login,2026-01-13 11:08:53.864967,10
1100,402,login,2025-09-17 17:08:53.864968,1
1101,102,dashboard_view,2025-09-20 05:08:53.864970,16
1102,263,dashboard_view,2025-12-10 14:08:53.864972,10
1103,396,api_call,2025-11-15 21:08:53.864973,18
1104,73,api_call,2025-10-26 01:08:53.864975,3
1105,52,feature_use,2025-12-05 15:08:53.864977,6
1106,435,report_export,2025-11-26 01:08:53.864979,10
1107,315,login,2025-10-18 12:08:53.864981,13
1108,391,dashboard_view,2025-11-12 13:08:53.864982,14
1109,494,feature_use,2025-10-13 18:08:53.864984,4
1110,314,feature_use,2025-12-04 01:08:53.864986,19
1111,444,feature_use,2025-12-26 08:08:53.864987,10
1112,113,feature_use,2025-12-25 22:08:53.864989,10
1113,349,report_export,2026-01-08 11:08:53.864991,13
1114,432,feature_use,2026-01-11 15:08:53.864992,9
1115,197,login,2025-10-07 21:08:53.864994,19
1116,69,api_call,2025-12-09 16:08:53.864996,11
1117,173,login,2025-09-14 06:08:53.864997,8
1118,389,login,2025-09-22 08:08:53.864999,10
1119,186,api_call,2025-12-04 01:08:53.865001,8
1120,374,report_export,2026-01-07 01:08:53.865002,17
1121,6,dashboard_view,2025-09-25 12:08:53.865004,3
1122,68,report_export,2025-10-24 14:08:53.865005,11
1123,425,api_call,2025-12-13 00:08:53.865007,1
1124,303,login,2026-02-16 05:08:53.865009,2
1125,401,report_export,2026-01-29 07:08:53.865011,1
1126,129,feature_use,2026-01-20 00:08:53.865012,4
1127,359,dashboard_view,2025-09-21 11:08:53.865014,2
1128,251,report_export,2025-10-09 18:08:53.865016,12
1129,200,login,2025-12-13 07:08:53.865017,4
1130,291,report_export,2026-02-07 04:08:53.865019,4
1131,147,feature_use,2025-11-20 12:08:53.865021,17
1132,352,api_call,2026-02-01 21:08:53.865022,15
1133,300,report_export,2025-09-27 14:08:53.865024,2
1134,163,api_call,2025-10-11 11:08:53.865026,8
1135,51,login,2025-11-16 22:08:53.865028,14
1136,338,report_export,2025-11-08 13:08:53.865030,16
1137,78,report_export,2025-12-10 20:08:53.865032,12
1138,22,feature_use,2026-01-03 14:08:53.865033,5
1139,302,api_call,2026-02-28 22:08:53.865035,9
1140,223,feature_use,2026-02-12 04:08:53.865037,11
1141,172,report_export,2025-10-28 20:08:53.865039,2
1142,173,dashboard_view,2025-09-29 11:08:53.865040,2
1143,31,login,2026-01-29 12:08:53.865042,11
1144,45,dashboard_view,2025-11-03 02:08:53.865044,3
1145,52,report_export,2025-11-14 16:08:53.865045,4
1146,283,report_export,2025-11-12 14:08:53.865047,10
1147,367,dashboard_view,2026-01-23 02:08:53.865049,3
1148,22,login,2026-01-29 10:08:53.865050,10
1149,100,report_export,2026-01-01 20:08:53.865052,12
1150,55,feature_use,2026-01-23 21:08:53.865054,13
1151,283,feature_use,2026-01-30 12:08:53.865055,6
1152,198,login,2025-09-17 10:08:53.865057,6
1153,73,dashboard_view,2025-09-24 04:08:53.865058,9
1154,325,login,2025-10-02 17:08:53.865060,8
1155,342,api_call,2026-02-07 19:08:53.865062,13
1156,460,dashboard_view,2025-11-24 10:08:53.865064,16
1157,173,api_call,2025-09-09 06:08:53.865065,17
1158,395,report_export,2025-12-26 17:08:53.865067,12
1159,164,feature_use,2025-10-11 15:08:53.865069,14
1160,242,feature_use,2025-09-11 12:08:53.865071,11
1161,460,report_export,2025-10-05 15:08:53.865072,20
1162,489,login,2025-12-29 12:08:53.865074,2
1163,389,report_export,2025-09-29 09:08:53.865076,5
1164,78,dashboard_view,2025-09-14 12:08:53.865077,14
1165,328,dashboard_view,2025-11-28 16:08:53.865079,18
1166,42,feature_use,2025-10-01 17:08:53.865081,5
1167,427,login,2025-09-15 09:08:53.865083,19
1168,460,feature_use,2025-09-09 17:08:53.865084,3
1169,493,report_export,2026-01-31 17:08:53.865086,1
1170,371,login,2026-02-09 03:08:53.865088,11
1171,264,login,2026-02-17 10:08:53.865090,6
1172,301,report_export,2026-02-14 06:08:53.865092,14
1173,498,api_call,2026-03-02 03:08:53.865093,13
1174,153,dashboard_view,2025-12-10 06:08:53.865095,1
1175,460,login,2025-12-31 02:08:53.865097,10
1176,305,report_export,2025-11-18 14:08:53.865098,7
1177,73,login,2025-10-22 19:08:53.865100,12
1178,304,login,2026-02-20 10:08:53.865102,1
1179,427,dashboard_view,2026-01-16 17:08:53.865103,1
1180,148,report_export,2026-01-04 19:08:53.865105,17
1181,168,login,2025-11-05 18:08:53.865107,12
1182,356,api_call,2026-03-04 09:08:53.865108,3
1183,230,login,2025-10-28 06:08:53.865110,12
1184,198,dashboard_view,2026-02-09 09:08:53.865112,17
1185,372,login,2025-10-22 16:08:53.865113,20
1186,173,login,2025-12-18 17:08:53.865115,12
1187,101,api_call,2026-02-14 18:08:53.865117,19
1188,434,login,2025-11-14 21:08:53.865118,4
1189,190,report_export,2025-10-15 08:08:53.865120,12
1190,392,dashboard_view,2025-10-05 15:08:53.865122,1
1191,146,dashboard_view,2025-09-07 20:08:53.865123,12
1192,320,api_call,2025-09-17 12:08:53.865125,14
1193,272,login,2026-01-23 00:08:53.865127,12
1194,73,api_call,2025-11-27 17:08:53.865128,1
1195,196,feature_use,2025-11-08 09:08:53.865130,13
1196,466,login,2025-11-15 22:08:53.865132,11
1197,78,api_call,2025-10-12 22:08:53.865133,3
1198,185,api_call,2025-12-29 23:08:53.865135,1
1199,16,report_export,2026-02-16 16:08:53.865137,14
1200,471,dashboard_view,2025-09-23 06:08:53.865139,16
1201,207,dashboard_view,2025-10-09 21:08:53.865140,2
1202,63,login,2025-09-18 01:08:53.865142,16
1203,155,login,2026-01-07 07:08:53.865144,4
1204,440,report_export,2025-09-19 10:08:53.865145,20
1205,446,login,2025-10-12 18:08:53.865147,20
1206,292,dashboard_view,2025-09-14 22:08:53.865149,18
1207,233,login,2026-01-22 17:08:53.865150,4
1208,261,api_call,2025-09-29 12:08:53.865152,3
1209,393,dashboard_view,2025-11-09 16:08:53.865154,17
1210,290,feature_use,2025-09-16 20:08:53.865155,9
1211,482,feature_use,2025-11-07 14:08:53.865157,15
1212,201,report_export,2025-10-14 21:08:53.865159,18
1213,281,feature_use,2025-09-07 07:08:53.865160,3
1214,32,dashboard_view,2025-09-07 05:08:53.865162,3
1215,460,login,2025-11-12 07:08:53.865164,3
1216,484,login,2025-09-26 08:08:53.865166,1
1217,430,api_call,2026-02-10 13:08:53.865167,9
1218,71,api_call,2025-09-18 06:08:53.865169,15
1219,106,dashboard_view,2026-03-04 23:08:53.865171,5
1220,265,dashboard_view,2025-12-31 06:08:53.865172,12
1221,291,report_export,2026-01-20 15:08:53.865174,7
1222,413,report_export,2025-09-30 07:08:53.865176,9
1223,34,api_call,2025-10-11 05:08:53.865177,6
1224,182,feature_use,2025-09-19 09:08:53.865179,17
1225,347,api_call,2026-02-02 13:08:53.865181,4
1226,417,api_call,2025-12-21 08:08:53.865183,10
1227,251,api_call,2026-02-11 17:08:53.865185,13
1228,100,login,2026-01-09 11:08:53.865187,13
1229,462,login,2026-01-02 05:08:53.865188,15
1230,31,feature_use,2025-11-27 23:08:53.865190,19
1231,86,api_call,2025-09-29 23:08:53.865192,4
1232,383,login,2025-11-07 05:08:53.865194,13
1233,185,login,2025-12-28 05:08:53.865195,9
1234,493,report_export,2025-09-19 05:08:53.865197,7
1235,155,feature_use,2025-11-25 15:08:53.865199,1
1236,231,feature_use,2026-03-01 14:08:53.865201,19
1237,306,api_call,2026-02-25 00:08:53.865202,4
1238,461,feature_use,2025-10-02 16:08:53.865204,1
1239,324,login,2025-10-03 01:08:53.865206,14
1240,430,feature_use,2026-02-02 22:08:53.865207,14
1241,317,report_export,2026-02-24 15:08:53.865209,13
1242,30,report_export,2025-09-10 16:08:53.865211,12
1243,264,dashboard_view,2025-10-13 04:08:53.865213,4
1244,292,dashboard_view,2026-01-26 13:08:53.865214,6
1245,10,feature_use,2025-11-18 19:08:53.865216,13
1246,341,report_export,2025-10-18 17:08:53.865218,17
1247,204,feature_use,2026-02-20 18:08:53.865219,7
1248,289,dashboard_view,2025-11-07 20:08:53.865221,19
1249,294,dashboard_view,2025-12-15 12:08:53.865223,20
1250,130,feature_use,2026-01-08 03:08:53.865225,12
1251,57,dashboard_view,2025-12-05 08:08:53.865226,20
1252,390,report_export,2026-03-05 14:08:53.865228,5
1253,215,login,2025-10-26 01:08:53.865230,12
1254,120,login,2025-09-18 07:08:53.865232,2
1255,383,login,2026-02-02 09:08:53.865233,8
1256,91,login,2025-12-25 12:08:53.865235,11
1257,211,login,2025-09-13 02:08:53.865237,7
1258,28,api_call,2025-12-29 17:08:53.865238,4
1259,475,report_export,2025-12-06 02:08:53.865240,19
1260,330,feature_use,2026-01-12 23:08:53.865241,4
1261,493,report_export,2026-01-24 09:08:53.865244,6
1262,215,api_call,2025-11-18 20:08:53.865246,11
1263,199,report_export,2025-12-26 16:08:53.865248,10
1264,31,dashboard_view,2026-02-14 00:08:53.865250,17
1265,131,dashboard_view,2026-02-15 08:08:53.865251,19
1266,171,report_export,2026-02-21 05:08:53.865253,4
1267,271,feature_use,2026-01-25 20:08:53.865255,18
1268,204,dashboard_view,2025-11-16 00:08:53.865256,2
1269,121,login,2025-10-25 15:08:53.865258,18
1270,81,dashboard_view,2026-01-14 02:08:53.865259,16
1271,237,feature_use,2026-02-10 20:08:53.865261,2
1272,161,dashboard_view,2026-01-30 23:08:53.865263,2
1273,15,report_export,2025-10-03 16:08:53.865265,6
1274,280,dashboard_view,2025-10-31 05:08:53.865266,2
1275,97,api_call,2026-01-11 20:08:53.865268,14
1276,204,login,2026-02-18 05:08:53.865270,13
1277,76,dashboard_view,2026-02-19 18:08:53.865271,18
1278,303,login,2026-02-26 21:08:53.865273,9
1279,174,login,2026-01-03 01:08:53.865275,4
1280,306,report_export,2025-12-25 04:08:53.865276,8
1281,236,login,2025-11-28 07:08:53.865278,18
1282,197,report_export,2025-12-07 01:08:53.865280,9
1283,407,api_call,2025-10-26 15:08:53.865281,17
1284,238,login,2025-12-19 02:08:53.865283,9
1285,35,login,2025-11-29 04:08:53.865285,13
1286,57,report_export,2026-02-07 18:08:53.865286,19
1287,496,login,2025-10-29 21:08:53.865288,12
1288,381,api_call,2026-02-11 18:08:53.865290,15
1289,398,dashboard_view,2026-02-09 10:08:53.865291,12
1290,139,login,2025-11-23 12:08:53.865293,16
1291,231,login,2025-10-28 06:08:53.865295,16
1292,300,api_call,2025-11-10 16:08:53.865297,2
1293,380,api_call,2025-12-12 08:08:53.865298,2
1294,276,login,2026-01-25 14:08:53.865300,7
1295,495,feature_use,2025-09-15 16:08:53.865302,4
1296,200,dashboard_view,2026-01-13 00:08:53.865303,19
1297,313,login,2026-02-20 22:08:53.865305,2
1298,446,feature_use,2026-02-07 12:08:53.865307,12
1299,405,login,2025-10-11 06:08:53.865308,18
1300,136,feature_use,2025-09-21 15:08:53.865310,17
1301,17,dashboard_view,2026-02-01 20:08:53.865312,16
1302,34,report_export,2026-02-07 02:08:53.865313,8
1303,287,login,2026-02-20 05:08:53.865315,19
1304,300,api_call,2026-01-17 13:08:53.865317,5
1305,244,login,2025-10-12 01:08:53.865318,13
1306,344,dashboard_view,2026-02-07 22:08:53.865320,1
1307,499,report_export,2025-09-10 14:08:53.865322,5
1308,193,api_call,2025-10-29 10:08:53.865323,6
1309,26,feature_use,2026-03-01 14:08:53.865325,20
1310,386,login,2025-12-30 10:08:53.865329,11
1311,466,feature_use,2025-09-11 15:08:53.865330,14
1312,249,login,2025-11-08 15:08:53.865332,9
1313,455,feature_use,2025-09-30 16:08:53.865334,6
1314,310,api_call,2025-09-28 14:08:53.865335,10
1315,246,dashboard_view,2026-01-23 20:08:53.865337,17
1316,120,feature_use,2025-11-10 16:08:53.865339,14
1317,288,report_export,2025-11-06 16:08:53.865341,1
1318,360,feature_use,2025-11-09 09:08:53.865343,13
1319,5,report_export,2025-11-22 05:08:53.865344,19
1320,151,dashboard_view,2026-02-03 01:08:53.865346,20
1321,353,api_call,2025-09-13 00:08:53.865347,11
1322,396,api_call,2025-10-22 16:08:53.865349,15
1323,438,report_export,2026-02-07 22:08:53.865351,5
1324,278,dashboard_view,2025-10-25 23:08:53.865353,2
1325,54,feature_use,2025-10-06 20:08:53.865355,8
1326,406,api_call,2025-10-23 21:08:53.865356,16
1327,382,dashboard_view,2025-09-10 14:08:53.865358,5
1328,30,report_export,2025-12-09 17:08:53.865360,8
1329,327,dashboard_view,2025-09-20 07:08:53.865361,16
1330,494,dashboard_view,2025-09-09 10:08:53.865363,9
1331,29,dashboard_view,2026-02-10 10:08:53.865365,10
1332,317,dashboard_view,2025-12-24 23:08:53.865366,10
1333,415,api_call,2025-10-09 00:08:53.865368,6
1334,376,api_call,2025-09-21 06:08:53.865370,3
1335,407,report_export,2025-11-27 21:08:53.865372,4
1336,187,dashboard_view,2026-03-02 15:08:53.865373,7
1337,45,feature_use,2026-02-08 23:08:53.865375,18
1338,309,feature_use,2026-01-23 22:08:53.865377,3
1339,452,report_export,2026-02-21 03:08:53.865379,13
1340,489,api_call,2026-01-26 12:08:53.865380,15
1341,433,report_export,2026-03-03 23:08:53.865382,3
1342,193,report_export,2026-02-26 06:08:53.865384,18
1343,56,report_export,2025-10-29 15:08:53.865385,11
1344,130,feature_use,2026-02-01 13:08:53.865387,12
1345,12,report_export,2026-01-27 00:08:53.865389,6
1346,186,api_call,2025-09-10 00:08:53.865390,16
1347,384,report_export,2025-10-23 14:08:53.865392,1
1348,115,login,2025-12-16 16:08:53.865394,11
1349,292,login,2025-10-02 01:08:53.865395,9
1350,283,api_call,2026-01-18 07:08:53.865397,5
1351,472,report_export,2026-02-04 06:08:53.865399,11
1352,164,dashboard_view,2025-11-18 15:08:53.865401,12
1353,425,feature_use,2026-02-14 02:08:53.865403,16
1354,93,feature_use,2025-11-28 19:08:53.865404,11
1355,295,report_export,2025-11-22 14:08:53.865406,19
1356,102,login,2026-01-29 00:08:53.865408,3
1357,111,login,2025-12-01 11:08:53.865410,3
1358,210,report_export,2026-02-03 16:08:53.865411,12
1359,497,feature_use,2026-01-30 23:08:53.865413,18
1360,186,api_call,2025-11-22 22:08:53.865415,11
1361,219,report_export,2025-09-14 20:08:53.865416,9
1362,147,api_call,2025-10-17 06:08:53.865418,16
1363,171,report_export,2025-10-27 22:08:53.865420,5
1364,355,feature_use,2025-10-08 12:08:53.865421,20
1365,341,feature_use,2025-11-14 10:08:53.865423,8
1366,183,login,2025-09-19 04:08:53.865425,1
1367,289,dashboard_view,2026-02-22 14:08:53.865426,2
1368,321,report_export,2026-01-14 01:08:53.865428,18
1369,290,feature_use,2025-09-26 18:08:53.865430,13
1370,122,report_export,2025-12-09 11:08:53.865431,12
1371,244,report_export,2025-12-18 15:08:53.865433,11
1372,246,login,2025-09-16 04:08:53.865435,2
1373,143,login,2026-01-18 11:08:53.865437,12
1374,275,report_export,2026-02-16 14:08:53.865439,20
1375,223,dashboard_view,2026-02-22 06:08:53.865441,1
1376,21,api_call,2025-11-30 15:08:53.865443,6
1377,178,login,2026-02-28 09:08:53.865445,5
1378,142,api_call,2025-11-25 10:08:53.865447,2
1379,86,report_export,2026-02-26 01:08:53.865448,18
1380,227,api_call,2026-01-31 04:08:53.865450,18
1381,15,login,2026-01-15 10:08:53.865452,3
1382,172,feature_use,2025-09-17 00:08:53.865453,17
1383,280,dashboard_view,2025-11-30 04:08:53.865455,7
1384,7,feature_use,2026-02-04 21:08:53.865457,7
1385,413,report_export,2026-01-28 23:08:53.865458,7
1386,210,report_export,2026-01-10 23:08:53.865460,6
1387,440,api_call,2025-09-22 12:08:53.865462,11
1388,314,feature_use,2026-01-04 23:08:53.865464,20
1389,115,report_export,2025-10-02 13:08:53.865466,20
1390,435,api_call,2025-12-26 11:08:53.865468,18
1391,470,login,2025-09-14 02:08:53.865469,9
1392,100,report_export,2026-01-11 16:08:53.865471,1
1393,208,report_export,2025-10-17 04:08:53.865473,9
1394,46,report_export,2026-02-26 01:08:53.865474,13
1395,210,dashboard_view,2025-12-16 03:08:53.865476,15
1396,391,report_export,2025-09-21 22:08:53.865478,4
1397,291,report_export,2025-12-25 00:08:53.865479,5
1398,116,dashboard_view,2025-12-12 15:08:53.865481,18
1399,118,login,2025-12-29 18:08:53.865483,10
1400,162,dashboard_view,2025-11-14 08:08:53.865484,11
1401,437,login,2026-02-20 07:08:53.865486,5
1402,149,feature_use,2026-03-06 06:08:53.865488,7
1403,431,dashboard_view,2025-09-27 03:08:53.865490,10
1404,245,feature_use,2025-09-29 18:08:53.865491,9
1405,341,login,2025-11-03 04:08:53.865493,3
1406,355,feature_use,2026-01-20 14:08:53.865495,19
1407,267,api_call,2025-12-10 15:08:53.865496,7
1408,28,report_export,2025-11-21 06:08:53.865498,4
1409,70,login,2025-09-25 21:08:53.865500,4
1410,382,dashboard_view,2025-09-14 08:08:53.865501,17
1411,369,feature_use,2025-10-09 12:08:53.865503,18
1412,194,report_export,2026-01-29 23:08:53.865505,2
1413,339,report_export,2025-12-04 02:08:53.865507,7
1414,304,report_export,2025-11-07 12:08:53.865508,8
1415,173,feature_use,2025-09-14 03:08:53.865510,3
1416,69,api_call,2025-11-03 16:08:53.865512,15
1417,239,dashboard_view,2025-09-08 22:08:53.865513,14
1418,354,dashboard_view,2025-11-08 21:08:53.865515,13
1419,112,feature_use,2025-10-10 06:08:53.865517,3
1420,194,feature_use,2026-01-09 16:08:53.865518,1
1421,445,login,2025-11-07 00:08:53.865520,7
1422,309,login,2025-09-17 16:08:53.865522,17
1423,192,report_export,2025-09-10 00:08:53.865524,10
1424,280,feature_use,2026-02-07 11:08:53.865525,6
1425,351,login,2025-11-21 08:08:53.865527,9
1426,454,login,2025-09-27 03:08:53.865529,7
1427,259,dashboard_view,2025-12-12 18:08:53.865530,12
1428,433,api_call,2026-02-23 18:08:53.865532,14
1429,447,report_export,2026-02-14 04:08:53.865534,10
1430,112,login,2025-10-04 21:08:53.865535,4
1431,347,api_call,2026-01-21 17:08:53.865537,15
1432,436,login,2026-02-08 10:08:53.865539,14
1433,92,api_call,2026-01-07 19:08:53.865541,7
1434,74,login,2025-11-20 10:08:53.865542,13
1435,271,dashboard_view,2025-11-24 02:08:53.865544,14
1436,306,login,2025-09-20 18:08:53.865545,19
1437,308,api_call,2025-10-16 20:08:53.865547,17
1438,447,dashboard_view,2025-10-10 04:08:53.865549,13
1439,198,report_export,2026-02-18 06:08:53.865551,17
1440,49,report_export,2026-01-23 20:08:53.865553,7
1441,41,api_call,2025-12-11 06:08:53.865554,2
1442,496,dashboard_view,2025-11-12 02:08:53.865556,15
1443,445,dashboard_view,2026-01-26 08:08:53.865558,18
1444,213,report_export,2026-01-06 10:08:53.865559,14
1445,7,feature_use,2025-11-29 01:08:53.865561,2
1446,235,dashboard_view,2025-11-25 21:08:53.865563,19
1447,363,feature_use,2025-09-26 20:08:53.865564,20
1448,194,dashboard_view,2025-10-29 10:08:53.865566,18
1449,63,report_export,2025-10-06 00:08:53.865568,6
1450,414,api_call,2025-09-23 12:08:53.865569,18
1451,131,login,2025-12-02 09:08:53.865571,16
1452,119,feature_use,2025-11-13 16:08:53.865573,4
1453,326,feature_use,2025-11-03 21:08:53.865574,20
1454,198,api_call,2025-12-02 17:08:53.865576,17
1455,357,feature_use,2025-11-30 00:08:53.865578,16
1456,23,dashboard_view,2026-02-23 22:08:53.865579,9
1457,88,api_call,2026-02-23 07:08:53.865581,9
1458,73,feature_use,2025-11-05 09:08:53.865583,9
1459,151,feature_use,2025-10-26 03:08:53.865584,5
1460,408,feature_use,2025-12-24 20:08:53.865586,14
1461,464,api_call,2025-12-20 11:08:53.865588,20
1462,369,api_call,2026-02-05 10:08:53.865589,6
1463,76,login,2026-02-09 18:08:53.865591,1
1464,113,report_export,2025-10-02 22:08:53.865593,5
1465,129,login,2026-02-23 13:08:53.865594,17
1466,426,report_export,2025-10-27 20:08:53.865596,13
1467,371,dashboard_view,2025-09-11 20:08:53.865598,15
1468,303,feature_use,2026-02-03 19:08:53.865599,20
1469,288,api_call,2025-11-04 15:08:53.865601,17
1470,327,login,2025-09-17 08:08:53.865603,3
1471,206,report_export,2025-10-15 01:08:53.865605,17
1472,304,api_call,2026-02-26 04:08:53.865606,5
1473,2,login,2025-12-31 08:08:53.865608,5
1474,301,dashboard_view,2025-12-24 16:08:53.865610,10
1475,451,login,2025-10-28 18:08:53.865611,7
1476,90,feature_use,2026-01-05 09:08:53.865613,15
1477,226,report_export,2025-10-04 09:08:53.865615,2
1478,434,feature_use,2025-11-18 23:08:53.865616,11
1479,369,report_export,2025-10-30 08:08:53.865618,2
1480,26,api_call,2025-11-03 16:08:53.865620,11
1481,354,api_call,2026-01-16 19:08:53.865621,11
1482,51,login,2026-02-07 14:08:53.865623,20
1483,347,login,2025-11-04 19:08:53.865625,1
1484,62,report_export,2026-03-03 08:08:53.865626,15
1485,8,dashboard_view,2026-02-10 03:08:53.865628,19
1486,408,login,2026-02-04 22:08:53.865630,2
1487,438,api_call,2026-01-19 13:08:53.865632,2
1488,292,dashboard_view,2025-10-08 21:08:53.865633,20
1489,138,feature_use,2025-10-30 23:08:53.865635,8
1490,314,api_call,2025-11-04 13:08:53.865637,4
1491,346,dashboard_view,2025-12-28 19:08:53.865638,13
1492,121,report_export,2025-12-24 13:08:53.865640,18
1493,164,feature_use,2025-12-09 13:08:53.865642,10
1494,294,dashboard_view,2026-03-03 22:08:53.865644,3
1495,446,dashboard_view,2026-01-20 09:08:53.865645,1
1496,215,report_export,2025-12-24 00:08:53.865647,14
1497,408,feature_use,2026-02-04 08:08:53.865649,14
1498,264,dashboard_view,2025-10-22 04:08:53.865651,9
1499,179,feature_use,2025-12-30 18:08:53.865652,7
1500,52,dashboard_view,2025-11-08 20:08:53.865654,20
1501,400,dashboard_view,2025-10-01 04:08:53.865656,20
1502,341,api_call,2026-02-14 12:08:53.865657,15
1503,18,dashboard_view,2025-09-21 00:08:53.865659,20
1504,11,dashboard_view,2025-12-20 11:08:53.865661,4
1505,268,report_export,2025-11-06 15:08:53.865662,9
1506,335,api_call,2025-10-10 02:08:53.865664,4
1507,234,dashboard_view,2025-10-26 03:08:53.865666,6
1508,385,login,2026-02-03 11:08:53.865667,3
1509,371,dashboard_view,2025-12-10 07:08:53.865669,11
1510,92,api_call,2026-02-15 15:08:53.865671,13
1511,190,report_export,2025-12-14 06:08:53.865672,6
1512,276,feature_use,2025-12-31 20:08:53.865674,11
1513,418,feature_use,2025-11-21 12:08:53.865676,17
1514,208,feature_use,2025-12-08 13:08:53.865677,16
1515,185,feature_use,2026-02-07 10:08:53.865679,4
1516,477,feature_use,2025-09-10 02:08:53.865681,19
1517,172,dashboard_view,2025-11-15 01:08:53.865683,3
1518,204,report_export,2025-10-29 10:08:53.865685,17
1519,476,api_call,2025-09-11 21:08:53.865686,14
1520,413,login,2026-03-04 03:08:53.865688,14
1521,6,report_export,2025-11-26 06:08:53.865690,19
1522,120,report_export,2026-02-18 16:08:53.865692,10
1523,386,report_export,2025-11-22 06:08:53.865693,18
1524,483,login,2025-09-13 00:08:53.865695,10
1525,432,dashboard_view,2025-10-25 06:08:53.865697,12
1526,475,api_call,2026-01-07 22:08:53.865698,20
1527,321,dashboard_view,2025-09-23 13:08:53.865700,17
1528,321,api_call,2025-12-30 19:08:53.865702,20
1529,371,login,2025-11-23 07:08:53.865703,16
1530,272,dashboard_view,2025-10-23 13:08:53.865705,3
1531,342,feature_use,2025-11-06 03:08:53.865707,20
1532,257,report_export,2025-09-24 09:08:53.865709,1
1533,270,login,2025-09-25 22:08:53.865710,1
1534,353,report_export,2026-02-13 23:08:53.865712,7
1535,389,api_call,2026-02-22 08:08:53.865714,8
1536,221,login,2026-01-31 13:08:53.865715,10
1537,43,login,2026-02-04 12:08:53.865717,4
1538,165,report_export,2025-11-15 19:08:53.865719,10
1539,244,report_export,2025-09-29 16:08:53.865720,6
1540,64,feature_use,2026-01-11 19:08:53.865722,5
1541,178,feature_use,2025-09-23 19:08:53.865724,12
1542,147,api_call,2026-01-04 00:08:53.865726,17
1543,450,dashboard_view,2025-11-22 01:08:53.865727,6
1544,294,report_export,2025-09-26 19:08:53.865729,8
1545,226,report_export,2026-02-06 16:08:53.865731,8
1546,434,report_export,2025-10-09 19:08:53.865732,16
1547,106,feature_use,2025-10-17 17:08:53.865734,14
1548,323,api_call,2026-02-05 06:08:53.865735,19
1549,179,report_export,2025-12-15 18:08:53.865737,4
1550,103,login,2025-12-20 16:08:53.865739,10
1551,409,api_call,2026-03-05 21:08:53.865741,5
1552,142,dashboard_view,2026-01-01 18:08:53.865742,2
1553,5,report_export,2025-10-14 11:08:53.865744,10
1554,112,api_call,2026-01-01 02:08:53.865746,4
1555,259,api_call,2026-02-21 11:08:53.865747,8
1556,24,report_export,2025-12-22 20:08:53.865749,20
1557,27,api_call,2025-12-03 10:08:53.865751,5
1558,258,feature_use,2025-09-21 02:08:53.865752,15
1559,151,feature_use,2026-02-10 18:08:53.865754,12
1560,453,api_call,2026-01-24 04:08:53.865755,13
1561,427,dashboard_view,2025-12-26 03:08:53.865757,19
1562,111,report_export,2026-03-01 21:08:53.865759,11
1563,444,api_call,2026-02-19 12:08:53.865761,3
1564,267,login,2026-01-30 07:08:53.865762,5
1565,319,login,2026-02-10 13:08:53.865765,15
1566,207,api_call,2025-12-22 07:08:53.865768,13
1567,382,report_export,2025-09-14 02:08:53.865770,19
1568,459,login,2025-11-13 05:08:53.865771,18
1569,192,dashboard_view,2025-10-08 09:08:53.865773,1
1570,364,feature_use,2025-09-15 10:08:53.865775,10
1571,204,dashboard_view,2026-02-09 10:08:53.865777,11
1572,54,feature_use,2026-02-21 10:08:53.865779,15
1573,56,login,2025-11-20 03:08:53.865780,3
1574,328,api_call,2025-09-14 09:08:53.865782,16
1575,177,report_export,2025-12-30 21:08:53.865784,14
1576,62,report_export,2025-12-28 07:08:53.865785,12
1577,191,feature_use,2025-12-21 00:08:53.865787,18
1578,202,feature_use,2025-11-09 21:08:53.865789,5
1579,100,feature_use,2025-10-18 03:08:53.865790,10
1580,374,feature_use,2026-01-19 12:08:53.865792,7
1581,488,dashboard_view,2026-02-22 08:08:53.865794,3
1582,32,login,2025-11-02 05:08:53.865795,8
1583,199,login,2025-09-20 16:08:53.865797,16
1584,352,feature_use,2025-09-23 00:08:53.865799,5
1585,158,api_call,2025-09-19 15:08:53.865800,6
1586,19,dashboard_view,2025-10-30 12:08:53.865802,19
1587,130,dashboard_view,2026-01-03 10:08:53.865804,1
1588,403,report_export,2025-10-13 05:08:53.865805,10
1589,14,report_export,2025-09-17 15:08:53.865807,1
1590,113,api_call,2026-01-07 22:08:53.865808,8
1591,425,report_export,2026-03-05 03:08:53.865810,12
1592,490,login,2026-01-14 20:08:53.865812,3
1593,58,report_export,2025-09-10 22:08:53.865814,16
1594,381,api_call,2025-12-11 08:08:53.865815,11
1595,258,dashboard_view,2026-01-05 17:08:53.865817,12
1596,260,dashboard_view,2026-03-01 00:08:53.865819,6
1597,196,api_call,2025-11-16 02:08:53.865820,2
1598,41,report_export,2025-10-01 12:08:53.865822,16
1599,315,report_export,2025-12-19 07:08:53.865824,6
1600,379,report_export,2025-12-14 06:08:53.865826,16
1601,225,report_export,2025-10-25 08:08:53.865827,14
1602,453,feature_use,2026-02-21 01:08:53.865829,5
1603,499,api_call,2026-01-22 21:08:53.865831,2
1604,102,api_call,2025-12-23 17:08:53.865832,12
1605,421,feature_use,2025-11-07 14:08:53.865834,7
1606,195,dashboard_view,2026-01-20 23:08:53.865836,18
1607,64,feature_use,2026-03-01 15:08:53.865837,1
1608,178,report_export,2025-10-07 03:08:53.865839,10
1609,304,login,2025-11-29 05:08:53.865841,16
1610,5,report_export,2026-01-14 03:08:53.865842,5
1611,374,feature_use,2025-12-10 06:08:53.865844,6
1612,251,report_export,2026-01-08 19:08:53.865846,18
1613,344,login,2026-01-30 07:08:53.865848,15
1614,296,api_call,2025-10-25 13:08:53.865849,15
1615,405,report_export,2025-12-16 18:08:53.865851,1
1616,341,report_export,2025-09-11 02:08:53.865853,13
1617,7,report_export,2026-03-05 04:08:53.865854,16
1618,120,report_export,2025-10-23 23:08:53.865856,4
1619,109,login,2026-02-22 22:08:53.865858,15
1620,414,feature_use,2025-09-21 21:08:53.865859,16
1621,226,dashboard_view,2025-12-11 02:08:53.865861,15
1622,276,feature_use,2025-10-21 08:08:53.865863,2
1623,113,login,2025-11-11 15:08:53.865864,8
1624,479,dashboard_view,2025-09-09 01:08:53.865866,2
1625,250,api_call,2025-12-21 03:08:53.865868,4
1626,488,login,2025-10-28 03:08:53.865869,12
1627,384,feature_use,2025-12-31 08:08:53.865871,11
1628,443,report_export,2026-01-03 23:08:53.865873,9
1629,329,api_call,2025-10-18 14:08:53.865875,17
1630,112,login,2025-12-23 20:08:53.865876,4
1631,343,feature_use,2026-01-25 00:08:53.865878,5
1632,30,dashboard_view,2025-12-14 18:08:53.865880,5
1633,268,dashboard_view,2025-11-09 03:08:53.865881,6
1634,70,api_call,2026-01-11 17:08:53.865883,19
1635,482,feature_use,2025-12-01 10:08:53.865885,3
1636,177,login,2026-02-16 06:08:53.865886,18
1637,272,login,2025-09-18 00:08:53.865888,20
1638,421,login,2025-11-25 18:08:53.865890,16
1639,150,login,2025-09-20 08:08:53.865891,13
1640,335,login,2026-01-24 22:08:53.865893,16
1641,114,report_export,2026-01-29 02:08:53.865895,17
1642,21,login,2025-10-12 21:08:53.865897,20
1643,325,login,2025-11-26 03:08:53.865899,2
1644,99,feature_use,2025-12-25 04:08:53.865901,5
1645,206,login,2025-11-14 22:08:53.865903,17
1646,16,report_export,2025-10-18 13:08:53.865904,11
1647,326,feature_use,2025-09-15 11:08:53.865906,16
1648,200,feature_use,2026-01-29 00:08:53.865908,16
1649,138,login,2025-12-23 17:08:53.865910,6
1650,319,dashboard_view,2025-11-20 02:08:53.865911,12
1651,135,report_export,2025-11-19 20:08:53.865913,3
1652,453,login,2026-02-07 00:08:53.865915,14
1653,296,feature_use,2026-02-06 12:08:53.865916,19
1654,164,report_export,2025-10-29 15:08:53.865918,20
1655,372,login,2026-02-27 22:08:53.865920,12
1656,34,api_call,2026-02-12 05:08:53.865921,15
1657,282,feature_use,2025-10-11 01:08:53.865923,20
1658,496,dashboard_view,2025-11-14 14:08:53.865925,8
1659,22,feature_use,2025-10-13 00:08:53.865926,8
1660,66,api_call,2026-02-13 14:08:53.865928,3
1661,44,feature_use,2025-09-09 23:08:53.865930,17
1662,323,dashboard_view,2025-12-30 22:08:53.865931,5
1663,115,feature_use,2026-02-04 00:08:53.865933,1
1664,303,feature_use,2025-09-19 21:08:53.865935,15
1665,296,report_export,2025-09-17 08:08:53.865936,13
1666,76,feature_use,2026-01-31 13:08:53.865938,13
1667,352,api_call,2026-01-22 07:08:53.865940,2
1668,489,api_call,2025-10-18 12:08:53.865941,16
1669,453,api_call,2026-02-27 16:08:53.865943,19
1670,416,report_export,2025-12-17 04:08:53.865945,5
1671,6,login,2025-09-16 16:08:53.865946,2
1672,126,report_export,2025-09-08 21:08:53.865948,5
1673,458,report_export,2025-10-15 13:08:53.865950,11
1674,395,report_export,2026-01-09 15:08:53.865951,20
1675,461,api_call,2025-11-22 09:08:53.865953,1
1676,110,report_export,2025-10-12 20:08:53.865955,7
1677,313,login,2025-11-30 20:08:53.865956,1
1678,146,api_call,2026-01-27 13:08:53.865958,2
1679,237,dashboard_view,2025-09-28 18:08:53.865960,11
1680,56,dashboard_view,2025-10-20 04:08:53.865962,7
1681,294,report_export,2025-12-07 03:08:53.865963,7
1682,357,api_call,2025-10-12 02:08:53.865965,12
1683,9,login,2026-02-06 14:08:53.865967,5
1684,409,api_call,2025-10-26 01:08:53.865968,1
1685,366,dashboard_view,2025-11-07 00:08:53.865970,4
1686,225,login,2026-01-30 10:08:53.865972,20
1687,185,api_call,2026-02-11 13:08:53.865974,7
1688,144,dashboard_view,2026-02-06 22:08:53.865975,5
1689,45,api_call,2025-12-06 18:08:53.865977,20
1690,140,feature_use,2026-03-02 15:08:53.865979,13
1691,199,feature_use,2025-10-15 10:08:53.865981,2
1692,99,feature_use,2025-10-09 05:08:53.865982,4
1693,39,api_call,2025-11-20 23:08:53.865984,9
1694,15,login,2025-10-03 03:08:53.865986,8
1695,140,feature_use,2025-10-16 08:08:53.865987,16
1696,90,dashboard_view,2025-10-02 01:08:53.865989,3
1697,56,dashboard_view,2025-09-07 12:08:53.865991,3
1698,256,api_call,2025-11-12 05:08:53.865992,5
1699,92,feature_use,2026-01-20 22:08:53.865994,18
1700,426,dashboard_view,2026-02-18 17:08:53.865996,10
1701,5,login,2025-12-26 00:08:53.865997,10
1702,166,dashboard_view,2025-11-30 00:08:53.865999,4
1703,163,api_call,2025-12-02 21:08:53.866001,8
1704,177,login,2026-02-14 05:08:53.866002,20
1705,499,report_export,2026-02-16 12:08:53.866004,11
1706,43,report_export,2026-02-02 01:08:53.866005,5
1707,354,login,2026-01-09 10:08:53.866007,15
1708,124,dashboard_view,2026-01-16 17:08:53.866009,1
1709,323,feature_use,2026-02-09 10:08:53.866010,8
1710,491,api_call,2026-02-23 08:08:53.866012,15
1711,121,report_export,2025-12-16 16:08:53.866014,13
1712,491,report_export,2026-02-26 16:08:53.866015,14
1713,419,login,2026-02-27 15:08:53.866018,3
1714,162,feature_use,2026-01-12 07:08:53.866019,13
1715,280,api_call,2025-12-13 02:08:53.866021,4
1716,100,report_export,2026-02-15 01:08:53.866023,10
1717,196,login,2025-12-19 11:08:53.866024,13
1718,197,login,2025-12-02 20:08:53.866026,12
1719,408,dashboard_view,2025-12-09 17:08:53.866028,10
1720,435,report_export,2025-11-17 19:08:53.866030,16
1721,135,report_export,2025-10-01 13:08:53.866032,8
1722,4,feature_use,2025-10-03 18:08:53.866034,6
1723,71,api_call,2026-02-23 15:08:53.866035,18
1724,322,dashboard_view,2025-10-16 21:08:53.866037,15
1725,29,api_call,2025-10-15 01:08:53.866039,13
1726,251,feature_use,2025-10-28 21:08:53.866040,6
1727,303,report_export,2026-01-21 20:08:53.866042,17
1728,475,report_export,2025-10-26 00:08:53.866044,5
1729,441,dashboard_view,2026-02-05 03:08:53.866045,2
1730,360,api_call,2025-12-24 20:08:53.866047,7
1731,429,feature_use,2025-12-31 12:08:53.866049,1
1732,289,api_call,2025-12-24 03:08:53.866050,17
1733,149,dashboard_view,2025-12-19 19:08:53.866052,16
1734,61,report_export,2025-10-15 05:08:53.866054,8
1735,110,api_call,2025-12-17 20:08:53.866056,5
1736,323,login,2025-10-14 06:08:53.866057,7
1737,397,feature_use,2025-09-25 19:08:53.866059,5
1738,221,dashboard_view,2026-02-23 19:08:53.866061,4
1739,332,feature_use,2026-02-21 12:08:53.866062,2
1740,112,login,2026-02-04 01:08:53.866064,10
1741,150,login,2025-09-13 09:08:53.866066,18
1742,319,dashboard_view,2026-01-08 21:08:53.866068,2
1743,380,feature_use,2025-12-19 01:08:53.866069,20
1744,135,api_call,2026-02-04 12:08:53.866071,13
1745,103,login,2025-10-26 11:08:53.866073,18
1746,25,report_export,2025-09-15 09:08:53.866075,1
1747,441,api_call,2025-10-12 02:08:53.866076,12
1748,428,feature_use,2025-11-08 01:08:53.866078,12
1749,207,dashboard_view,2025-11-21 02:08:53.866080,19
1750,100,api_call,2026-02-04 11:08:53.866081,10
1751,271,feature_use,2026-01-18 23:08:53.866083,6
1752,77,api_call,2026-02-10 11:08:53.866085,5
1753,353,login,2025-09-14 12:08:53.866086,16
1754,151,login,2025-12-02 06:08:53.866088,8
1755,102,dashboard_view,2025-12-22 21:08:53.866090,7
1756,493,dashboard_view,2025-11-02 19:08:53.866091,12
1757,241,report_export,2026-01-16 12:08:53.866093,6
1758,493,api_call,2026-01-15 14:08:53.866095,13
1759,66,report_export,2025-09-18 01:08:53.866096,6
1760,248,report_export,2025-12-27 10:08:53.866098,18
1761,134,feature_use,2025-12-28 16:08:53.866099,16
1762,262,api_call,2025-09-17 19:08:53.866101,16
1763,494,feature_use,2026-02-26 09:08:53.866103,5
1764,117,api_call,2025-10-25 07:08:53.866105,2
1765,204,login,2025-10-13 18:08:53.866106,10
1766,498,login,2026-01-26 00:08:53.866108,15
1767,260,report_export,2025-11-11 17:08:53.866110,4
1768,350,api_call,2026-01-29 06:08:53.866111,17
1769,267,feature_use,2025-09-14 04:08:53.866113,13
1770,477,login,2026-03-05 06:08:53.866116,12
1771,9,dashboard_view,2025-12-01 19:08:53.866118,15
1772,384,feature_use,2026-01-01 21:08:53.866119,18
1773,325,api_call,2026-01-01 08:08:53.866121,6
1774,450,report_export,2025-11-24 12:08:53.866122,2
1775,56,dashboard_view,2025-11-13 18:08:53.866124,5
1776,192,dashboard_view,2026-02-19 07:08:53.866126,7
1777,281,api_call,2025-09-06 23:08:53.866128,14
1778,24,login,2025-12-28 10:08:53.866129,19
1779,459,api_call,2025-12-24 22:08:53.866131,2
1780,128,dashboard_view,2025-12-06 17:08:53.866133,13
1781,333,feature_use,2025-11-12 05:08:53.866134,8
1782,36,login,2026-02-19 08:08:53.866136,13
1783,84,api_call,2025-11-19 06:08:53.866138,19
1784,165,report_export,2026-02-26 21:08:53.866140,3
1785,212,api_call,2025-10-10 01:08:53.866141,20
1786,191,dashboard_view,2026-01-31 20:08:53.866143,7
1787,278,api_call,2026-02-01 05:08:53.866145,3
1788,138,dashboard_view,2025-12-01 02:08:53.866146,14
1789,82,login,2026-02-12 02:08:53.866148,4
1790,36,api_call,2025-10-01 22:08:53.866150,18
1791,341,login,2025-12-13 03:08:53.866152,4
1792,21,login,2026-01-14 17:08:53.866153,12
1793,146,report_export,2025-09-09 12:08:53.866155,6
1794,475,login,2026-01-22 00:08:53.866157,11
1795,260,dashboard_view,2026-02-20 17:08:53.866158,4
1796,206,api_call,2025-10-05 13:08:53.866160,20
1797,285,api_call,2025-12-10 17:08:53.866162,9
1798,44,feature_use,2026-02-28 06:08:53.866163,7
1799,346,api_call,2026-02-27 21:08:53.866165,7
1800,94,dashboard_view,2026-02-13 02:08:53.866167,9
1801,412,report_export,2025-10-18 19:08:53.866169,6
1802,365,dashboard_view,2025-09-11 15:08:53.866170,7
1803,293,api_call,2026-01-28 01:08:53.866172,3
1804,465,report_export,2026-02-04 17:08:53.866174,14
1805,464,api_call,2025-10-30 08:08:53.866176,14
1806,297,report_export,2025-12-31 00:08:53.866178,17
1807,23,report_export,2025-12-07 16:08:53.866179,7
1808,410,report_export,2026-03-06 04:08:53.866181,9
1809,60,report_export,2025-09-21 10:08:53.866182,1
1810,286,feature_use,2026-02-01 07:08:53.866184,18
1811,398,feature_use,2025-12-29 05:08:53.866186,20
1812,118,api_call,2026-02-26 18:08:53.866187,17
1813,244,api_call,2026-02-05 14:08:53.866189,9
1814,263,api_call,2025-11-29 04:08:53.866191,11
1815,245,api_call,2025-12-04 03:08:53.866192,13
1816,116,api_call,2026-01-19 18:08:53.866194,3
1817,324,login,2026-02-04 14:08:53.866196,7
1818,420,dashboard_view,2025-10-13 23:08:53.866197,5
1819,131,login,2026-02-01 15:08:53.866199,17
1820,495,api_call,2025-12-29 04:08:53.866201,2
1821,477,dashboard_view,2025-11-27 10:08:53.866203,18
1822,188,report_export,2025-09-17 01:08:53.866205,11
1823,435,login,2025-10-08 12:08:53.866207,10
1824,429,api_call,2025-10-10 05:08:53.866208,20
1825,76,login,2025-11-28 11:08:53.866210,2
1826,301,api_call,2025-09-16 10:08:53.866212,1
1827,489,api_call,2026-01-12 19:08:53.866213,17
1828,268,login,2025-12-30 02:08:53.866215,9
1829,165,feature_use,2025-10-10 07:08:53.866216,1
1830,186,login,2025-11-03 18:08:53.866218,2
1831,200,feature_use,2026-02-25 15:08:53.866220,4
1832,397,report_export,2025-12-15 01:08:53.866221,13
1833,153,feature_use,2026-01-18 16:08:53.866223,17
1834,7,dashboard_view,2025-10-22 19:08:53.866225,9
1835,361,api_call,2026-01-06 00:08:53.866226,1
1836,141,api_call,2025-09-28 23:08:53.866228,15
1837,241,login,2025-11-28 06:08:53.866230,19
1838,349,api_call,2025-12-28 01:08:53.866231,12
1839,40,feature_use,2026-03-03 14:08:53.866233,6
1840,403,report_export,2025-10-26 17:08:53.866235,7
1841,344,feature_use,2025-12-08 01:08:53.866236,17
1842,324,dashboard_view,2025-09-22 13:08:53.866238,19
1843,121,api_call,2025-11-01 15:08:53.866240,17
1844,187,dashboard_view,2025-09-27 08:08:53.866241,10
1845,37,login,2026-02-07 03:08:53.866243,8
1846,130,login,2026-02-10 15:08:53.866245,11
1847,93,login,2025-11-12 07:08:53.866246,14
1848,254,api_call,2025-11-07 21:08:53.866248,5
1849,291,dashboard_view,2025-11-11 14:08:53.866250,10
1850,492,feature_use,2026-02-04 10:08:53.866252,11
1851,99,login,2025-09-17 20:08:53.866253,17
1852,132,report_export,2025-12-11 21:08:53.866255,11
1853,414,api_call,2025-09-22 19:08:53.866257,16
1854,127,login,2025-10-30 16:08:53.866258,14
1855,259,api_call,2025-10-23 10:08:53.866260,10
1856,323,api_call,2025-11-05 01:08:53.866262,7
1857,419,api_call,2025-12-13 17:08:53.866263,17
1858,243,report_export,2025-09-25 11:08:53.866265,16
1859,30,api_call,2026-02-11 14:08:53.866267,4
1860,497,dashboard_view,2025-09-14 02:08:53.866269,17
1861,185,dashboard_view,2025-10-23 16:08:53.866270,18
1862,467,api_call,2025-11-05 05:08:53.866272,16
1863,336,feature_use,2026-02-17 21:08:53.866274,13
1864,256,report_export,2025-12-12 08:08:53.866275,2
1865,161,login,2026-01-26 07:08:53.866277,16
1866,62,login,2026-01-01 23:08:53.866279,15
1867,150,feature_use,2026-01-05 22:08:53.866281,19
1868,309,feature_use,2025-11-25 21:08:53.866282,14
1869,37,feature_use,2025-12-17 08:08:53.866284,15
1870,21,api_call,2026-01-17 05:08:53.866286,16
1871,380,report_export,2025-11-07 11:08:53.866288,7
1872,234,report_export,2026-01-31 01:08:53.866290,16
1873,165,report_export,2025-11-09 12:08:53.866291,12
1874,474,feature_use,2025-11-26 22:08:53.866293,18
1875,307,dashboard_view,2025-11-20 21:08:53.866295,16
1876,292,login,2025-11-05 08:08:53.866296,13
1877,101,feature_use,2025-09-22 00:08:53.866298,15
1878,365,login,2026-01-28 18:08:53.866300,13
1879,240,login,2025-12-15 02:08:53.866301,8
1880,192,api_call,2025-11-27 19:08:53.866303,13
1881,61,login,2025-11-22 01:08:53.866305,18
1882,496,feature_use,2025-10-16 19:08:53.866306,12
1883,486,feature_use,2026-02-07 01:08:53.866308,8
1884,320,login,2025-12-17 21:08:53.866310,3
1885,132,api_call,2026-02-14 19:08:53.866312,7
1886,314,login,2025-10-13 13:08:53.866313,20
1887,41,dashboard_view,2025-11-28 19:08:53.866315,6
1888,36,dashboard_view,2025-12-11 04:08:53.866317,19
1889,90,report_export,2026-02-02 16:08:53.866318,9
1890,182,api_call,2025-09-06 21:08:53.866320,8
1891,498,api_call,2025-12-18 22:08:53.866322,17
1892,308,api_call,2025-11-28 13:08:53.866324,10
1893,381,api_call,2026-02-04 18:08:53.866325,12
1894,127,feature_use,2025-12-26 08:08:53.866327,2
1895,434,login,2025-09-11 03:08:53.866329,19
1896,276,login,2026-02-25 02:08:53.866331,8
1897,10,login,2025-10-02 07:08:53.866333,4
1898,267,api_call,2025-10-19 13:08:53.866335,9
1899,370,api_call,2025-11-24 09:08:53.866337,20
1900,258,feature_use,2025-12-17 14:08:53.866338,12
1901,21,api_call,2025-09-09 00:08:53.866340,11
1902,12,report_export,2025-11-18 21:08:53.866342,1
1903,444,api_call,2026-01-15 01:08:53.866344,3
1904,427,report_export,2026-01-29 11:08:53.866345,15
1905,47,dashboard_view,2025-10-28 17:08:53.866347,11
1906,246,report_export,2026-01-25 10:08:53.866350,2
1907,44,feature_use,2025-11-07 22:08:53.866351,9
1908,458,report_export,2025-11-05 01:08:53.866353,7
1909,96,api_call,2026-03-04 05:08:53.866355,2
1910,136,dashboard_view,2025-11-08 06:08:53.866356,8
1911,306,feature_use,2026-02-07 13:08:53.866358,7
1912,447,report_export,2025-10-08 09:08:53.866360,18
1913,195,api_call,2026-01-25 10:08:53.866362,18
1914,281,login,2025-10-19 23:08:53.866363,12
1915,83,dashboard_view,2025-12-17 04:08:53.866365,10
1916,192,api_call,2025-12-16 15:08:53.866367,2
1917,200,dashboard_view,2025-12-18 23:08:53.866368,15
1918,318,dashboard_view,2025-10-02 20:08:53.866370,6
1919,82,feature_use,2026-01-08 10:08:53.866372,10
1920,492,report_export,2025-10-13 02:08:53.866373,18
1921,177,feature_use,2026-03-04 04:08:53.866375,4
1922,443,feature_use,2025-12-11 10:08:53.866377,15
1923,131,feature_use,2026-01-29 02:08:53.866379,1
1924,420,dashboard_view,2025-10-23 20:08:53.866380,12
1925,111,report_export,2025-11-07 09:08:53.866382,8
1926,76,api_call,2026-02-18 16:08:53.866384,18
1927,391,report_export,2026-01-20 17:08:53.866385,7
1928,432,api_call,2025-11-07 05:08:53.866387,17
1929,329,dashboard_view,2025-10-22 17:08:53.866389,20
1930,392,report_export,2026-01-25 19:08:53.866390,14
1931,419,api_call,2026-01-02 03:08:53.866392,16
1932,74,report_export,2025-11-12 09:08:53.866394,14
1933,452,feature_use,2026-01-16 06:08:53.866396,4
1934,471,api_call,2026-02-10 01:08:53.866397,8
1935,98,dashboard_view,2025-12-30 16:08:53.866399,18
1936,338,api_call,2025-12-14 08:08:53.866401,15
1937,264,dashboard_view,2025-10-24 13:08:53.866402,2
1938,52,dashboard_view,2026-01-26 21:08:53.866404,2
1939,46,feature_use,2026-02-08 09:08:53.866406,20
1940,143,report_export,2025-12-31 15:08:53.866407,16
1941,497,feature_use,2026-02-14 15:08:53.866409,8
1942,267,report_export,2026-01-08 10:08:53.866411,8
1943,386,api_call,2025-09-11 10:08:53.866412,10
1944,233,login,2025-10-01 09:08:53.866414,4
1945,321,login,2025-09-27 00:08:53.866416,18
1946,226,api_call,2025-11-10 15:08:53.866417,2
1947,56,login,2025-10-29 20:08:53.866419,8
1948,383,dashboard_view,2025-10-22 04:08:53.866421,20
1949,155,api_call,2026-01-18 07:08:53.866423,7
1950,494,api_call,2025-09-20 15:08:53.866424,18
1951,28,report_export,2025-12-26 15:08:53.866426,7
1952,43,feature_use,2026-02-26 12:08:53.866428,7
1953,20,feature_use,2025-09-24 21:08:53.866429,3
1954,431,dashboard_view,2025-11-08 00:08:53.866431,13
1955,448,report_export,2025-10-02 03:08:53.866433,1
1956,312,login,2026-01-01 07:08:53.866434,5
1957,160,feature_use,2026-01-21 21:08:53.866436,9
1958,374,report_export,2026-02-27 14:08:53.866438,14
1959,281,dashboard_view,2025-10-18 15:08:53.866439,3
1960,367,dashboard_view,2026-01-25 23:08:53.866441,19
1961,462,report_export,2025-09-26 07:08:53.866443,14
1962,167,dashboard_view,2025-09-23 13:08:53.866445,8
1963,257,report_export,2025-09-13 09:08:53.866446,20
1964,220,login,2025-11-18 03:08:53.866448,6
1965,442,feature_use,2026-02-03 22:08:53.866450,17
1966,453,login,2025-09-11 12:08:53.866451,18
1967,427,login,2025-12-04 09:08:53.866453,12
1968,301,dashboard_view,2025-09-28 10:08:53.866455,10
1969,31,dashboard_view,2026-01-25 17:08:53.866456,10
1970,423,report_export,2025-12-26 11:08:53.866458,16
1971,314,dashboard_view,2026-02-27 18:08:53.866460,3
1972,467,dashboard_view,2025-12-23 04:08:53.866462,15
1973,16,report_export,2025-10-19 03:08:53.866463,7
1974,301,login,2025-12-18 13:08:53.866465,17
1975,344,login,2025-11-20 02:08:53.866467,12
1976,384,api_call,2025-10-29 18:08:53.866468,9
1977,391,login,2025-12-10 17:08:53.866470,2
1978,103,login,2026-02-19 08:08:53.866471,7
1979,102,dashboard_view,2025-09-09 20:08:53.866473,4
1980,80,dashboard_view,2025-09-17 19:08:53.866475,4
1981,178,dashboard_view,2025-12-10 21:08:53.866477,6
1982,442,report_export,2025-11-06 21:08:53.866478,13
1983,113,report_export,2026-01-13 07:08:53.866480,16
1984,494,dashboard_view,2025-12-19 17:08:53.866482,20
1985,10,api_call,2025-11-27 03:08:53.866484,1
1986,49,feature_use,2025-11-29 04:08:53.866485,8
1987,422,api_call,2025-09-27 02:08:53.866487,15
1988,422,api_call,2025-12-23 08:08:53.866489,10
1989,388,dashboard_view,2025-09-21 20:08:53.866490,15
1990,437,login,2025-10-05 09:08:53.866492,7
1991,349,dashboard_view,2025-11-08 21:08:53.866494,10
1992,154,api_call,2025-10-31 01:08:53.866495,16
1993,204,report_export,2025-12-13 11:08:53.866497,14
1994,75,dashboard_view,2025-10-29 00:08:53.866499,2
1995,298,api_call,2025-10-31 06:08:53.866500,20
1996,36,dashboard_view,2026-02-19 05:08:53.866502,2
1997,412,dashboard_view,2025-12-03 19:08:53.866504,18
1998,208,feature_use,2025-12-11 23:08:53.866505,5
1999,113,dashboard_view,2026-01-20 08:08:53.866507,20
2000,429,dashboard_view,2025-12-10 11:08:53.866509,18
